"행정구역별(시도)","성별","직업별",2020,2020,2020,2020,2020,2020,2020,2020,2020,2020,2020
"행정구역별(시도)","성별","직업별",전공분야별 인구(15세이상),교육,예술 및 인문학,사회과학언론 및 정보학,경영 행정 및 법,자연과학 수학 및 통계학,정보 통신 기술,공학 제조 및 건설,농림어업 및 수의학,보건 및 복지,서비스
"전국","계","계",14792102,1474250,2184924,772643,2488246,765065,1316705,3025152,252517,1680918,831682
"전국","계","1. 관리자",174398,30003,15466,9120,37486,8759,9550,43025,2853,13357,4779
"전국","계","2. 전문가 및 관련 종사자",4743030,739106,723459,207849,446415,261132,404529,891021,50053,902825,116641
"전국","계","3. 사무 종사자",3830449,251121,538048,259681,982464,217551,311118,721126,65420,295740,188180
"전국","계","4. 서비스 종사자",1502624,147382,278523,82286,254703,67194,96000,184392,22813,161598,207733
"전국","계","5. 판매 종사자",1526217,119080,291371,85900,301269,75030,130920,251813,29784,118148,122902
"전국","계","6. 농림어업 숙련 종사자",177701,15194,18468,8651,30532,9169,12655,33415,28114,12818,8685
"전국","계","7. 기능원 및 관련 기능 종사자",916780,44169,100540,32042,122119,37766,130230,334362,15331,43438,56783
"전국","계","8. 장치, 기계조작 및 조립 종사자",1131461,59695,104114,41165,169731,51003,142676,413968,21738,63044,64327
"전국","계","9. 단순 노무 종사자",691692,62851,108326,38632,124147,34026,63369,131880,15767,60631,52063
"전국","계","A. 기타",97750,5649,6609,7317,19380,3435,15658,20150,644,9319,9589
"전국","남자","계",8675051,470086,868441,398579,1683398,449105,1035960,2646976,188479,529071,404956
"전국","남자","1. 관리자",134018,14373,9771,6738,33554,7132,8602,41267,2530,6543,3508
"전국","남자","2. 전문가 및 관련 종사자",2463351,196630,276882,97634,307466,145276,323739,765899,34523,261038,54264
"전국","남자","3. 사무 종사자",2092231,80120,182746,120666,592876,114015,210044,594777,44422,80734,71831
"전국","남자","4. 서비스 종사자",677974,33769,82695,34889,153591,31812,63679,140726,12962,38590,85261
"전국","남자","5. 판매 종사자",859413,37426,106593,44184,204854,44495,97069,213933,21920,36083,52856
"전국","남자","6. 농림어업 숙련 종사자",140676,8830,11480,6380,26200,7204,11083,31585,25655,6254,6005
"전국","남자","7. 기능원 및 관련 기능 종사자",788135,29381,66777,25088,105978,31251,123351,322111,13752,27944,42502
"전국","남자","8. 장치, 기계조작 및 조립 종사자",984428,39525,75074,33822,149456,43460,132437,400057,19785,40804,50008
"전국","남자","9. 단순 노무 종사자",445131,25000,50700,22630,91604,21393,51103,117242,12326,22986,30147
"전국","남자","A. 기타",89694,5032,5723,6548,17819,3067,14853,19379,604,8095,8574
"전국","여자","계",6117051,1004164,1316483,374064,804848,315960,280745,378176,64038,1151847,426726
"전국","여자","1. 관리자",40380,15630,5695,2382,3932,1627,948,1758,323,6814,1271
"전국","여자","2. 전문가 및 관련 종사자",2279679,542476,446577,110215,138949,115856,80790,125122,15530,641787,62377
"전국","여자","3. 사무 종사자",1738218,171001,355302,139015,389588,103536,101074,126349,20998,215006,116349
"전국","여자","4. 서비스 종사자",824650,113613,195828,47397,101112,35382,32321,43666,9851,123008,122472
"전국","여자","5. 판매 종사자",666804,81654,184778,41716,96415,30535,33851,37880,7864,82065,70046
"전국","여자","6. 농림어업 숙련 종사자",37025,6364,6988,2271,4332,1965,1572,1830,2459,6564,2680
"전국","여자","7. 기능원 및 관련 기능 종사자",128645,14788,33763,6954,16141,6515,6879,12251,1579,15494,14281
"전국","여자","8. 장치, 기계조작 및 조립 종사자",147033,20170,29040,7343,20275,7543,10239,13911,1953,22240,14319
"전국","여자","9. 단순 노무 종사자",246561,37851,57626,16002,32543,12633,12266,14638,3441,37645,21916
"전국","여자","A. 기타",8056,617,886,769,1561,368,805,771,40,1224,1015
"동부","계","계",12762125,1250148,1934733,677995,2181956,669979,1147505,2576798,181959,1434237,706815
"동부","계","1. 관리자",150504,24655,13719,8022,33139,7806,8539,37671,2209,10617,4127
"동부","계","2. 전문가 및 관련 종사자",4224825,634990,649831,188637,407033,235362,375180,795428,40859,795896,101609
"동부","계","3. 사무 종사자",3375408,218991,487738,233309,882511,193027,272846,621347,50223,250613,164803
"동부","계","4. 서비스 종사자",1281979,122759,243586,70765,218834,58048,82176,157539,17717,132001,178554
"동부","계","5. 판매 종사자",1357864,104854,263902,77500,270394,67787,116049,223667,24049,101488,108174
"동부","계","6. 농림어업 숙련 종사자",54934,4581,6299,2434,9732,3142,3911,10572,7611,3633,3019
"동부","계","7. 기능원 및 관련 기능 종사자",772298,36520,86575,27049,104581,32382,111171,278993,11497,35887,47643
"동부","계","8. 장치, 기계조작 및 조립 종사자",903371,46884,85342,33366,137855,41161,114437,328657,15639,49852,50178
"동부","계","9. 단순 노무 종사자",585112,53017,93968,33017,106498,29214,53834,110907,11837,49304,43516
"동부","계","A. 기타",55830,2897,3773,3896,11379,2050,9362,12017,318,4946,5192
"동부","남자","계",7396561,385726,752663,345221,1465190,388983,898739,2244630,130859,447230,337320
"동부","남자","1. 관리자",116100,11471,8629,5965,29615,6359,7657,36118,1937,5332,3017
"동부","남자","2. 전문가 및 관련 종사자",2201875,164410,244900,89084,280788,130904,300861,683040,27792,232932,47164
"동부","남자","3. 사무 종사자",1826510,68596,162976,107656,531097,100450,183207,510082,33461,67215,61770
"동부","남자","4. 서비스 종사자",577109,27940,71754,29971,131645,27107,54302,119752,9649,31626,73363
"동부","남자","5. 판매 종사자",761025,32540,95807,39651,183342,40180,85837,189469,17431,30662,46106
"동부","남자","6. 농림어업 숙련 종사자",42283,2557,3892,1769,8123,2382,3272,9877,6717,1676,2018
"동부","남자","7. 기능원 및 관련 기능 종사자",661225,24152,56784,20927,90487,26616,105184,268463,10278,23002,35332
"동부","남자","8. 장치, 기계조작 및 조립 종사자",785650,30753,61502,27502,121382,35023,106358,317941,14266,32011,38912
"동부","남자","9. 단순 노무 종사자",373280,20744,43126,19166,78176,18141,43212,98277,9017,18448,24973
"동부","남자","A. 기타",51504,2563,3293,3530,10535,1821,8849,11611,311,4326,4665
"동부","여자","계",5365564,864422,1182070,332774,716766,280996,248766,332168,51100,987007,369495
"동부","여자","1. 관리자",34404,13184,5090,2057,3524,1447,882,1553,272,5285,1110
"동부","여자","2. 전문가 및 관련 종사자",2022950,470580,404931,99553,126245,104458,74319,112388,13067,562964,54445
"동부","여자","3. 사무 종사자",1548898,150395,324762,125653,351414,92577,89639,111265,16762,183398,103033
"동부","여자","4. 서비스 종사자",704870,94819,171832,40794,87189,30941,27874,37787,8068,100375,105191
"동부","여자","5. 판매 종사자",596839,72314,168095,37849,87052,27607,30212,34198,6618,70826,62068
"동부","여자","6. 농림어업 숙련 종사자",12651,2024,2407,665,1609,760,639,695,894,1957,1001
"동부","여자","7. 기능원 및 관련 기능 종사자",111073,12368,29791,6122,14094,5766,5987,10530,1219,12885,12311
"동부","여자","8. 장치, 기계조작 및 조립 종사자",117721,16131,23840,5864,16473,6138,8079,10716,1373,17841,11266
"동부","여자","9. 단순 노무 종사자",211832,32273,50842,13851,28322,11073,10622,12630,2820,30856,18543
"동부","여자","A. 기타",4326,334,480,366,844,229,513,406,7,620,527
"읍부","계","계",1211055,133204,148714,54737,181671,57283,102856,270754,33171,151222,77443
"읍부","계","1. 관리자",13625,3074,942,570,2385,561,613,3207,318,1496,459
"읍부","계","2. 전문가 및 관련 종사자",323637,64252,43415,11784,24634,16441,19429,60994,4958,67985,9745
"읍부","계","3. 사무 종사자",294199,20377,32674,16840,64507,15794,24926,65119,9186,29451,15325
"읍부","계","4. 서비스 종사자",128271,14154,20546,6410,20444,5286,8284,15339,2341,17355,18112
"읍부","계","5. 판매 종사자",106687,8862,17996,5194,19354,4659,9481,17774,3314,10449,9604
"읍부","계","6. 농림어업 숙련 종사자",34422,2856,3107,1620,5792,1699,2469,6476,5878,2620,1905
"읍부","계","7. 기능원 및 관련 기능 종사자",87837,4599,8300,3044,10563,3311,11823,33698,1936,4767,5796
"읍부","계","8. 장치, 기계조작 및 조립 종사자",140160,7994,11785,4594,20135,6082,17089,52345,3092,7967,9077
"읍부","계","9. 단순 노무 종사자",63570,5794,8705,3264,10403,2886,5811,12386,2003,7042,5276
"읍부","계","A. 기타",18647,1242,1244,1417,3454,564,2931,3416,145,2090,2144
"읍부","남자","계",742929,47066,65406,29553,126487,35032,82708,241422,26141,48079,41035
"읍부","남자","1. 관리자",10257,1596,616,407,2172,457,562,3081,295,723,348
"읍부","남자","2. 전문가 및 관련 종사자",159035,18855,17198,5011,16288,8907,15208,52413,3563,17181,4411
"읍부","남자","3. 사무 종사자",170365,6988,12717,8036,39646,8631,17325,55153,6610,8643,6616
"읍부","남자","4. 서비스 종사자",56812,3061,6188,2597,12189,2703,5557,11755,1436,4077,7249
"읍부","남자","5. 판매 종사자",61849,2889,6924,2816,13425,2718,7260,15488,2551,3381,4397
"읍부","남자","6. 농림어업 숙련 종사자",27504,1750,1873,1232,4891,1315,2177,6104,5396,1378,1388
"읍부","남자","7. 기능원 및 관련 기능 종사자",76920,3106,5952,2514,9313,2833,11281,32628,1722,3011,4560
"읍부","남자","8. 장치, 기계조작 및 조립 종사자",121185,5302,8413,3667,17652,5135,15779,50324,2761,5173,6979
"읍부","남자","9. 단순 노무 종사자",41950,2387,4491,1950,7764,1826,4759,11189,1666,2709,3209
"읍부","남자","A. 기타",17052,1132,1034,1323,3147,507,2800,3287,141,1803,1878
"읍부","여자","계",468126,86138,83308,25184,55184,22251,20148,29332,7030,103143,36408
"읍부","여자","1. 관리자",3368,1478,326,163,213,104,51,126,23,773,111
"읍부","여자","2. 전문가 및 관련 종사자",164602,45397,26217,6773,8346,7534,4221,8581,1395,50804,5334
"읍부","여자","3. 사무 종사자",123834,13389,19957,8804,24861,7163,7601,9966,2576,20808,8709
"읍부","여자","4. 서비스 종사자",71459,11093,14358,3813,8255,2583,2727,3584,905,13278,10863
"읍부","여자","5. 판매 종사자",44838,5973,11072,2378,5929,1941,2221,2286,763,7068,5207
"읍부","여자","6. 농림어업 숙련 종사자",6918,1106,1234,388,901,384,292,372,482,1242,517
"읍부","여자","7. 기능원 및 관련 기능 종사자",10917,1493,2348,530,1250,478,542,1070,214,1756,1236
"읍부","여자","8. 장치, 기계조작 및 조립 종사자",18975,2692,3372,927,2483,947,1310,2021,331,2794,2098
"읍부","여자","9. 단순 노무 종사자",21620,3407,4214,1314,2639,1060,1052,1197,337,4333,2067
"읍부","여자","A. 기타",1595,110,210,94,307,57,131,129,4,287,266
"면부","계","계",818922,90898,101477,39911,124619,37803,66344,177600,37387,95459,47424
"면부","계","1. 관리자",10269,2274,805,528,1962,392,398,2147,326,1244,193
"면부","계","2. 전문가 및 관련 종사자",194568,39864,30213,7428,14748,9329,9920,34599,4236,38944,5287
"면부","계","3. 사무 종사자",160842,11753,17636,9532,35446,8730,13346,34660,6011,15676,8052
"면부","계","4. 서비스 종사자",92374,10469,14391,5111,15425,3860,5540,11514,2755,12242,11067
"면부","계","5. 판매 종사자",61666,5364,9473,3206,11521,2584,5390,10372,2421,6211,5124
"면부","계","6. 농림어업 숙련 종사자",88345,7757,9062,4597,15008,4328,6275,16367,14625,6565,3761
"면부","계","7. 기능원 및 관련 기능 종사자",56645,3050,5665,1949,6975,2073,7236,21671,1898,2784,3344
"면부","계","8. 장치, 기계조작 및 조립 종사자",87930,4817,6987,3205,11741,3760,11150,32966,3007,5225,5072
"면부","계","9. 단순 노무 종사자",43010,4040,5653,2351,7246,1926,3724,8587,1927,4285,3271
"면부","계","A. 기타",23273,1510,1592,2004,4547,821,3365,4717,181,2283,2253
"면부","남자","계",535561,37294,50372,23805,91721,25090,54513,160924,31479,33762,26601
"면부","남자","1. 관리자",7661,1306,526,366,1767,316,383,2068,298,488,143
"면부","남자","2. 전문가 및 관련 종사자",102441,13365,14784,3539,10390,5465,7670,30446,3168,10925,2689
"면부","남자","3. 사무 종사자",95356,4536,7053,4974,22133,4934,9512,29542,4351,4876,3445
"면부","남자","4. 서비스 종사자",44053,2768,4753,2321,9757,2002,3820,9219,1877,2887,4649
"면부","남자","5. 판매 종사자",36539,1997,3862,1717,8087,1597,3972,8976,1938,2040,2353
"면부","남자","6. 농림어업 숙련 종사자",70889,4523,5715,3379,13186,3507,5634,15604,13542,3200,2599
"면부","남자","7. 기능원 및 관련 기능 종사자",49990,2123,4041,1647,6178,1802,6886,21020,1752,1931,2610
"면부","남자","8. 장치, 기계조작 및 조립 종사자",77593,3470,5159,2653,10422,3302,10300,31792,2758,3620,4117
"면부","남자","9. 단순 노무 종사자",29901,1869,3083,1514,5664,1426,3132,7776,1643,1829,1965
"면부","남자","A. 기타",21138,1337,1396,1695,4137,739,3204,4481,152,1966,2031
"면부","여자","계",283361,53604,51105,16106,32898,12713,11831,16676,5908,61697,20823
"면부","여자","1. 관리자",2608,968,279,162,195,76,15,79,28,756,50
"면부","여자","2. 전문가 및 관련 종사자",92127,26499,15429,3889,4358,3864,2250,4153,1068,28019,2598
"면부","여자","3. 사무 종사자",65486,7217,10583,4558,13313,3796,3834,5118,1660,10800,4607
"면부","여자","4. 서비스 종사자",48321,7701,9638,2790,5668,1858,1720,2295,878,9355,6418
"면부","여자","5. 판매 종사자",25127,3367,5611,1489,3434,987,1418,1396,483,4171,2771
"면부","여자","6. 농림어업 숙련 종사자",17456,3234,3347,1218,1822,821,641,763,1083,3365,1162
"면부","여자","7. 기능원 및 관련 기능 종사자",6655,927,1624,302,797,271,350,651,146,853,734
"면부","여자","8. 장치, 기계조작 및 조립 종사자",10337,1347,1828,552,1319,458,850,1174,249,1605,955
"면부","여자","9. 단순 노무 종사자",13109,2171,2570,837,1582,500,592,811,284,2456,1306
"면부","여자","A. 기타",2135,173,196,309,410,82,161,236,29,317,222
"서울특별시","계","계",3339361,280029,657638,231545,656994,179204,296801,518227,31888,324459,162576
"서울특별시","계","1. 관리자",37958,4595,4108,2580,10697,2351,2092,8005,440,2132,958
"서울특별시","계","2. 전문가 및 관련 종사자",1204937,130512,238756,73407,147879,66841,126934,190656,8752,197531,23669
"서울특별시","계","3. 사무 종사자",1006747,64310,183806,88266,291557,57572,72215,135952,9110,59028,44931
"서울특별시","계","4. 서비스 종사자",322855,28076,76935,20640,55938,14296,20398,34891,3167,24219,44295
"서울특별시","계","5. 판매 종사자",373578,27019,88075,24998,78975,18340,30459,54291,4527,21117,25777
"서울특별시","계","6. 농림어업 숙련 종사자",3633,261,611,246,734,261,208,600,387,136,189
"서울특별시","계","7. 기능원 및 관련 기능 종사자",146451,7561,24264,6458,22863,6951,20033,41951,1683,5978,8709
"서울특별시","계","8. 장치, 기계조작 및 조립 종사자",97139,4991,12800,4812,19000,4917,11484,28478,1572,4153,4932
"서울특별시","계","9. 단순 노무 종사자",139468,12350,27782,9439,27804,7326,11955,22322,2215,9615,8660
"서울특별시","계","A. 기타",6595,354,501,699,1547,349,1023,1081,35,550,456
"서울특별시","남자","계",1833498,81709,240848,114233,435841,99578,227987,434158,21856,104313,72975
"서울특별시","남자","1. 관리자",29835,1873,2641,1916,9678,1956,1896,7694,397,1099,685
"서울특별시","남자","2. 전문가 및 관련 종사자",639981,31786,88957,36228,104068,36940,101393,159990,5881,63622,11116
"서울특별시","남자","3. 사무 종사자",510983,18876,57770,39281,175069,28812,47722,106453,5856,15461,15683
"서울특별시","남자","4. 서비스 종사자",144776,6925,22487,9019,33394,6462,13665,25923,1504,6371,19026
"서울특별시","남자","5. 판매 종사자",209491,8948,32059,12607,54901,10743,23083,45853,3247,6924,11126
"서울특별시","남자","6. 농림어업 숙련 종사자",2514,98,306,165,594,172,184,541,280,60,114
"서울특별시","남자","7. 기능원 및 관련 기능 종사자",117279,4612,14226,4608,19278,5314,18743,39691,1449,3507,5851
"서울특별시","남자","8. 장치, 기계조작 및 조립 종사자",86684,3700,9854,4236,17394,4320,10800,27654,1510,3049,4167
"서울특별시","남자","9. 단순 노무 종사자",85924,4560,12118,5541,20049,4549,9577,19311,1697,3737,4785
"서울특별시","남자","A. 기타",6031,331,430,632,1416,310,924,1048,35,483,422
"서울특별시","여자","계",1505863,198320,416790,117312,221153,79626,68814,84069,10032,220146,89601
"서울특별시","여자","1. 관리자",8123,2722,1467,664,1019,395,196,311,43,1033,273
"서울특별시","여자","2. 전문가 및 관련 종사자",564956,98726,149799,37179,43811,29901,25541,30666,2871,133909,12553
"서울특별시","여자","3. 사무 종사자",495764,45434,126036,48985,116488,28760,24493,29499,3254,43567,29248
"서울특별시","여자","4. 서비스 종사자",178079,21151,54448,11621,22544,7834,6733,8968,1663,17848,25269
"서울특별시","여자","5. 판매 종사자",164087,18071,56016,12391,24074,7597,7376,8438,1280,14193,14651
"서울특별시","여자","6. 농림어업 숙련 종사자",1119,163,305,81,140,89,24,59,107,76,75
"서울특별시","여자","7. 기능원 및 관련 기능 종사자",29172,2949,10038,1850,3585,1637,1290,2260,234,2471,2858
"서울특별시","여자","8. 장치, 기계조작 및 조립 종사자",10455,1291,2946,576,1606,597,684,824,62,1104,765
"서울특별시","여자","9. 단순 노무 종사자",53544,7790,15664,3898,7755,2777,2378,3011,518,5878,3875
"서울특별시","여자","A. 기타",564,23,71,67,131,39,99,33,-,67,34
"부산광역시","계","계",913405,86887,129196,42688,165438,46756,65875,194171,10493,114352,57549
"부산광역시","계","1. 관리자",10861,1920,912,489,2749,552,499,2585,125,779,251
"부산광역시","계","2. 전문가 및 관련 종사자",272674,43812,36727,10021,26059,14117,13894,48888,2370,69031,7755
"부산광역시","계","3. 사무 종사자",231322,14223,31873,13774,63499,13278,15633,46293,2681,17760,12308
"부산광역시","계","4. 서비스 종사자",103852,8623,19071,5199,18854,4646,5988,14553,1128,9772,16018
"부산광역시","계","5. 판매 종사자",110916,8389,20781,6179,23721,5463,7757,20085,1482,7580,9479
"부산광역시","계","6. 농림어업 숙련 종사자",2113,130,253,147,273,167,126,506,317,113,81
"부산광역시","계","7. 기능원 및 관련 기능 종사자",65767,2690,6836,1950,9334,2871,9310,25425,725,2652,3974
"부산광역시","계","8. 장치, 기계조작 및 조립 종사자",67454,3283,6132,2330,11276,3200,8027,25359,855,3026,3966
"부산광역시","계","9. 단순 노무 종사자",46218,3730,6467,2428,9230,2342,4282,9948,810,3471,3510
"부산광역시","계","A. 기타",2228,87,144,171,443,120,359,529,-,168,207
"부산광역시","남자","계",524436,26095,49389,21996,110269,26093,51954,170437,7684,34797,25722
"부산광역시","남자","1. 관리자",8251,764,600,358,2435,455,453,2466,109,439,172
"부산광역시","남자","2. 전문가 및 관련 종사자",131743,10811,13008,4640,17783,7160,10928,42256,1624,20249,3284
"부산광역시","남자","3. 사무 종사자",123836,4292,10197,6329,37527,6563,10150,38056,1836,4449,4437
"부산광역시","남자","4. 서비스 종사자",48496,1939,5839,2370,11309,2234,4199,11427,684,2291,6204
"부산광역시","남자","5. 판매 종사자",60286,2471,6991,3099,15525,2968,5613,16949,1108,2267,3295
"부산광역시","남자","6. 농림어업 숙련 종사자",1631,80,149,112,215,124,108,482,279,36,46
"부산광역시","남자","7. 기능원 및 관련 기능 종사자",56903,1769,4558,1528,8035,2312,8885,24616,634,1733,2833
"부산광역시","남자","8. 장치, 기계조작 및 조립 종사자",60524,2431,4803,2005,10136,2836,7713,24639,746,1954,3261
"부산광역시","남자","9. 단순 노무 종사자",30710,1455,3123,1389,6883,1342,3556,9056,664,1230,2012
"부산광역시","남자","A. 기타",2056,83,121,166,421,99,349,490,-,149,178
"부산광역시","여자","계",388969,60792,79807,20692,55169,20663,13921,23734,2809,79555,31827
"부산광역시","여자","1. 관리자",2610,1156,312,131,314,97,46,119,16,340,79
"부산광역시","여자","2. 전문가 및 관련 종사자",140931,33001,23719,5381,8276,6957,2966,6632,746,48782,4471
"부산광역시","여자","3. 사무 종사자",107486,9931,21676,7445,25972,6715,5483,8237,845,13311,7871
"부산광역시","여자","4. 서비스 종사자",55356,6684,13232,2829,7545,2412,1789,3126,444,7481,9814
"부산광역시","여자","5. 판매 종사자",50630,5918,13790,3080,8196,2495,2144,3136,374,5313,6184
"부산광역시","여자","6. 농림어업 숙련 종사자",482,50,104,35,58,43,18,24,38,77,35
"부산광역시","여자","7. 기능원 및 관련 기능 종사자",8864,921,2278,422,1299,559,425,809,91,919,1141
"부산광역시","여자","8. 장치, 기계조작 및 조립 종사자",6930,852,1329,325,1140,364,314,720,109,1072,705
"부산광역시","여자","9. 단순 노무 종사자",15508,2275,3344,1039,2347,1000,726,892,146,2241,1498
"부산광역시","여자","A. 기타",172,4,23,5,22,21,10,39,-,19,29
"대구광역시","계","계",680053,70891,85934,33604,113958,35525,50995,142072,10537,94994,41543
"대구광역시","계","1. 관리자",9494,1533,792,495,2036,405,335,2837,168,651,242
"대구광역시","계","2. 전문가 및 관련 종사자",201162,37721,26116,7626,17032,11134,10634,31663,2118,51450,5668
"대구광역시","계","3. 사무 종사자",161009,10283,18731,10401,41823,9391,11741,32747,2753,15146,7993
"대구광역시","계","4. 서비스 종사자",72011,6927,11538,3853,12964,3435,3943,9745,1080,8945,9581
"대구광역시","계","5. 판매 종사자",81099,5652,13261,4398,15951,4225,6280,14534,1647,7659,7492
"대구광역시","계","6. 농림어업 숙련 종사자",3283,216,373,188,553,217,219,734,368,160,255
"대구광역시","계","7. 기능원 및 관련 기능 종사자",50331,2193,4925,1952,6608,1891,7027,18796,699,2839,3401
"대구광역시","계","8. 장치, 기계조작 및 조립 종사자",62734,3104,5207,2586,9837,2849,7334,22868,956,4239,3754
"대구광역시","계","9. 단순 노무 종사자",35281,3007,4744,1836,6374,1858,2892,7396,734,3640,2800
"대구광역시","계","A. 기타",3649,255,247,269,780,120,590,752,14,265,357
"대구광역시","남자","계",400373,22611,33774,17545,78847,20513,40606,126375,7076,32490,20536
"대구광역시","남자","1. 관리자",7303,646,467,358,1794,337,303,2710,141,346,201
"대구광역시","남자","2. 전문가 및 관련 종사자",96350,10263,9268,3290,11756,5612,8330,27400,1337,16402,2692
"대구광역시","남자","3. 사무 종사자",89307,3417,6368,4920,25532,4816,7710,27591,1645,4357,2951
"대구광역시","남자","4. 서비스 종사자",32631,1642,3148,1540,8067,1624,2719,7553,535,2133,3670
"대구광역시","남자","5. 판매 종사자",46346,1649,4556,2245,11046,2607,4721,12656,1112,2574,3180
"대구광역시","남자","6. 농림어업 숙련 종사자",2719,119,251,172,471,172,219,709,328,81,197
"대구광역시","남자","7. 기능원 및 관련 기능 종사자",43270,1338,3250,1495,5753,1544,6751,18053,606,1887,2593
"대구광역시","남자","8. 장치, 기계조작 및 조립 종사자",54740,2018,3741,2105,8713,2466,6831,22183,839,2857,2987
"대구광역시","남자","9. 단순 노무 종사자",24287,1304,2528,1169,4984,1224,2435,6784,519,1616,1724
"대구광역시","남자","A. 기타",3420,215,197,251,731,111,587,736,14,237,341
"대구광역시","여자","계",279680,48280,52160,16059,35111,15012,10389,15697,3461,62504,21007
"대구광역시","여자","1. 관리자",2191,887,325,137,242,68,32,127,27,305,41
"대구광역시","여자","2. 전문가 및 관련 종사자",104812,27458,16848,4336,5276,5522,2304,4263,781,35048,2976
"대구광역시","여자","3. 사무 종사자",71702,6866,12363,5481,16291,4575,4031,5156,1108,10789,5042
"대구광역시","여자","4. 서비스 종사자",39380,5285,8390,2313,4897,1811,1224,2192,545,6812,5911
"대구광역시","여자","5. 판매 종사자",34753,4003,8705,2153,4905,1618,1559,1878,535,5085,4312
"대구광역시","여자","6. 농림어업 숙련 종사자",564,97,122,16,82,45,-,25,40,79,58
"대구광역시","여자","7. 기능원 및 관련 기능 종사자",7061,855,1675,457,855,347,276,743,93,952,808
"대구광역시","여자","8. 장치, 기계조작 및 조립 종사자",7994,1086,1466,481,1124,383,503,685,117,1382,767
"대구광역시","여자","9. 단순 노무 종사자",10994,1703,2216,667,1390,634,457,612,215,2024,1076
"대구광역시","여자","A. 기타",229,40,50,18,49,9,3,16,-,28,16
"인천광역시","계","계",776061,78487,116218,35437,120943,38063,80519,171785,7689,77609,49311
"인천광역시","계","1. 관리자",10081,1508,1000,496,1774,473,703,2909,113,771,334
"인천광역시","계","2. 전문가 및 관련 종사자",226270,36645,34768,8487,19265,12075,20990,44235,1624,41427,6754
"인천광역시","계","3. 사무 종사자",198915,13574,28353,11251,47054,10351,19419,41340,1805,13839,11929
"인천광역시","계","4. 서비스 종사자",80616,8264,14918,4089,13281,3229,6280,10602,728,7246,11979
"인천광역시","계","5. 판매 종사자",85379,6928,16233,4398,15142,4060,8794,15662,1078,5609,7475
"인천광역시","계","6. 농림어업 숙련 종사자",2231,168,260,95,314,173,198,498,237,163,125
"인천광역시","계","7. 기능원 및 관련 기능 종사자",55604,3118,6060,1564,6801,2269,8912,20563,657,2252,3408
"인천광역시","계","8. 장치, 기계조작 및 조립 종사자",72393,4442,7564,2605,9853,3442,10003,26498,894,3247,3845
"인천광역시","계","9. 단순 노무 종사자",41032,3683,6787,2187,6751,1855,4700,8668,544,2812,3045
"인천광역시","계","A. 기타",3540,157,275,265,708,136,520,810,9,243,417
"인천광역시","남자","계",457619,25806,48027,17803,78049,23202,62970,150099,5601,22550,23512
"인천광역시","남자","1. 관리자",7770,735,590,373,1514,401,666,2748,112,402,229
"인천광역시","남자","2. 전문가 및 관련 종사자",116083,9719,13968,3784,12658,6745,16581,37785,1174,10621,3048
"인천광역시","남자","3. 사무 종사자",108399,4463,9919,5097,26528,5734,13168,34179,1200,3554,4557
"인천광역시","남자","4. 서비스 종사자",36437,1920,4691,1500,7218,1655,4211,8095,388,1786,4973
"인천광역시","남자","5. 판매 종사자",47949,2060,6018,2311,9940,2538,6431,13013,756,1649,3233
"인천광역시","남자","6. 농림어업 숙련 종사자",1806,118,154,64,289,160,162,463,231,82,83
"인천광역시","남자","7. 기능원 및 관련 기능 종사자",47847,2214,4077,1238,5899,1890,8256,19830,588,1381,2474
"인천광역시","남자","8. 장치, 기계조작 및 조립 종사자",61681,2872,5278,2048,8467,2782,9324,25423,741,1889,2857
"인천광역시","남자","9. 단순 노무 종사자",26360,1567,3082,1147,4866,1178,3670,7798,402,970,1680
"인천광역시","남자","A. 기타",3287,138,250,241,670,119,501,765,9,216,378
"인천광역시","여자","계",318442,52681,68191,17634,42894,14861,17549,21686,2088,55059,25799
"인천광역시","여자","1. 관리자",2311,773,410,123,260,72,37,161,1,369,105
"인천광역시","여자","2. 전문가 및 관련 종사자",110187,26926,20800,4703,6607,5330,4409,6450,450,30806,3706
"인천광역시","여자","3. 사무 종사자",90516,9111,18434,6154,20526,4617,6251,7161,605,10285,7372
"인천광역시","여자","4. 서비스 종사자",44179,6344,10227,2589,6063,1574,2069,2507,340,5460,7006
"인천광역시","여자","5. 판매 종사자",37430,4868,10215,2087,5202,1522,2363,2649,322,3960,4242
"인천광역시","여자","6. 농림어업 숙련 종사자",425,50,106,31,25,13,36,35,6,81,42
"인천광역시","여자","7. 기능원 및 관련 기능 종사자",7757,904,1983,326,902,379,656,733,69,871,934
"인천광역시","여자","8. 장치, 기계조작 및 조립 종사자",10712,1570,2286,557,1386,660,679,1075,153,1358,988
"인천광역시","여자","9. 단순 노무 종사자",14672,2116,3705,1040,1885,677,1030,870,142,1842,1365
"인천광역시","여자","A. 기타",253,19,25,24,38,17,19,45,-,27,39
"광주광역시","계","계",443977,49019,46300,21119,68407,22055,35455,97114,8201,73534,22773
"광주광역시","계","1. 관리자",3233,792,223,143,540,157,158,821,42,249,108
"광주광역시","계","2. 전문가 및 관련 종사자",134581,26195,15057,4822,10483,6490,6295,21890,1884,38285,3180
"광주광역시","계","3. 사무 종사자",118745,8117,11366,7238,27106,6825,10468,26395,2526,13595,5109
"광주광역시","계","4. 서비스 종사자",46427,4589,6447,2322,7587,2322,2730,6659,759,7455,5557
"광주광역시","계","5. 판매 종사자",47748,3878,6073,2748,9154,2376,4023,9040,1138,5593,3725
"광주광역시","계","6. 농림어업 숙련 종사자",2552,173,184,95,441,106,193,704,307,181,168
"광주광역시","계","7. 기능원 및 관련 기능 종사자",31180,1316,2059,1208,3989,1222,4888,12392,467,1970,1669
"광주광역시","계","8. 장치, 기계조작 및 조립 종사자",36439,1919,2443,1228,5084,1547,4453,14292,549,3223,1701
"광주광역시","계","9. 단순 노무 종사자",22213,2013,2395,1283,3836,988,2097,4713,529,2936,1423
"광주광역시","계","A. 기타",859,27,53,32,187,22,150,208,-,47,133
"광주광역시","남자","계",256415,15149,18566,11016,47611,12196,27623,85420,5520,22656,10658
"광주광역시","남자","1. 관리자",2386,386,154,97,497,105,142,772,36,110,87
"광주광역시","남자","2. 전문가 및 관련 종사자",63986,7136,5850,2281,7500,3415,4749,18805,1201,11441,1608
"광주광역시","남자","3. 사무 종사자",66946,2593,3947,3538,17258,3309,7143,21901,1527,3657,2073
"광주광역시","남자","4. 서비스 종사자",20107,911,1742,836,4742,994,1734,5224,430,1600,1894
"광주광역시","남자","5. 판매 종사자",26887,1051,2269,1334,6239,1363,2937,7813,815,1511,1555
"광주광역시","남자","6. 농림어업 숙련 종사자",1997,91,99,70,404,70,189,670,271,50,83
"광주광역시","남자","7. 기능원 및 관련 기능 종사자",27470,873,1558,998,3520,1030,4662,11932,395,1252,1250
"광주광역시","남자","8. 장치, 기계조작 및 조립 종사자",31555,1275,1782,1032,4480,1292,4146,13874,484,1991,1199
"광주광역시","남자","9. 단순 노무 종사자",14266,806,1119,798,2800,596,1771,4221,361,1011,783
"광주광역시","남자","A. 기타",815,27,46,32,171,22,150,208,-,33,126
"광주광역시","여자","계",187562,33870,27734,10103,20796,9859,7832,11694,2681,50878,12115
"광주광역시","여자","1. 관리자",847,406,69,46,43,52,16,49,6,139,21
"광주광역시","여자","2. 전문가 및 관련 종사자",70595,19059,9207,2541,2983,3075,1546,3085,683,26844,1572
"광주광역시","여자","3. 사무 종사자",51799,5524,7419,3700,9848,3516,3325,4494,999,9938,3036
"광주광역시","여자","4. 서비스 종사자",26320,3678,4705,1486,2845,1328,996,1435,329,5855,3663
"광주광역시","여자","5. 판매 종사자",20861,2827,3804,1414,2915,1013,1086,1227,323,4082,2170
"광주광역시","여자","6. 농림어업 숙련 종사자",555,82,85,25,37,36,4,34,36,131,85
"광주광역시","여자","7. 기능원 및 관련 기능 종사자",3710,443,501,210,469,192,226,460,72,718,419
"광주광역시","여자","8. 장치, 기계조작 및 조립 종사자",4884,644,661,196,604,255,307,418,65,1232,502
"광주광역시","여자","9. 단순 노무 종사자",7947,1207,1276,485,1036,392,326,492,168,1925,640
"광주광역시","여자","A. 기타",44,-,7,-,16,-,-,-,-,14,7
"대전광역시","계","계",465455,45884,56761,21765,76724,32564,41847,99301,8409,57286,24914
"대전광역시","계","1. 관리자",7964,1058,786,330,1498,521,533,2315,140,589,194
"대전광역시","계","2. 전문가 및 관련 종사자",165530,24736,18763,5711,12979,14194,14683,37346,2015,31189,3914
"대전광역시","계","3. 사무 종사자",112746,6797,13256,7122,29728,7913,9183,21121,2221,10131,5274
"대전광역시","계","4. 서비스 종사자",45641,4304,7394,2383,8006,2647,2956,5700,746,5648,5857
"대전광역시","계","5. 판매 종사자",49948,4052,8019,2934,10160,2895,4357,7749,1194,4502,4086
"대전광역시","계","6. 농림어업 숙련 종사자",1819,110,169,99,395,105,146,337,341,58,59
"대전광역시","계","7. 기능원 및 관련 기능 종사자",28302,1419,2763,872,4233,1347,4008,9911,466,1439,1844
"대전광역시","계","8. 장치, 기계조작 및 조립 종사자",28454,1302,2455,924,4797,1495,3684,9833,690,1637,1637
"대전광역시","계","9. 단순 노무 종사자",21678,1920,3018,1152,4075,1321,1825,4250,589,1822,1706
"대전광역시","계","A. 기타",3373,186,138,238,853,126,472,739,7,271,343
"대전광역시","남자","계",274723,13955,23209,11063,51500,19929,33024,85227,6057,18722,12037
"대전광역시","남자","1. 관리자",6176,484,468,251,1285,389,454,2251,127,317,150
"대전광역시","남자","2. 전문가 및 관련 종사자",90164,6276,7337,2676,8742,8764,11835,31699,1452,9658,1725
"대전광역시","남자","3. 사무 종사자",60706,2306,4404,3252,17447,4129,6267,16813,1469,2885,1734
"대전광역시","남자","4. 서비스 종사자",20995,861,2474,967,4908,1365,1962,4190,399,1467,2402
"대전광역시","남자","5. 판매 종사자",28136,1195,2966,1528,6843,1772,3286,6440,831,1465,1810
"대전광역시","남자","6. 농림어업 숙련 종사자",1459,74,99,75,366,97,112,290,272,25,49
"대전광역시","남자","7. 기능원 및 관련 기능 종사자",24243,867,1893,678,3664,1136,3768,9507,421,924,1385
"대전광역시","남자","8. 장치, 기계조작 및 조립 종사자",25195,920,1848,741,4392,1277,3419,9503,605,1121,1369
"대전광역시","남자","9. 단순 노무 종사자",14591,812,1586,688,3091,874,1477,3838,474,671,1080
"대전광역시","남자","A. 기타",3058,160,134,207,762,126,444,696,7,189,333
"대전광역시","여자","계",190732,31929,33552,10702,25224,12635,8823,14074,2352,38564,12877
"대전광역시","여자","1. 관리자",1788,574,318,79,213,132,79,64,13,272,44
"대전광역시","여자","2. 전문가 및 관련 종사자",75366,18460,11426,3035,4237,5430,2848,5647,563,21531,2189
"대전광역시","여자","3. 사무 종사자",52040,4491,8852,3870,12281,3784,2916,4308,752,7246,3540
"대전광역시","여자","4. 서비스 종사자",24646,3443,4920,1416,3098,1282,994,1510,347,4181,3455
"대전광역시","여자","5. 판매 종사자",21812,2857,5053,1406,3317,1123,1071,1309,363,3037,2276
"대전광역시","여자","6. 농림어업 숙련 종사자",360,36,70,24,29,8,34,47,69,33,10
"대전광역시","여자","7. 기능원 및 관련 기능 종사자",4059,552,870,194,569,211,240,404,45,515,459
"대전광역시","여자","8. 장치, 기계조작 및 조립 종사자",3259,382,607,183,405,218,265,330,85,516,268
"대전광역시","여자","9. 단순 노무 종사자",7087,1108,1432,464,984,447,348,412,115,1151,626
"대전광역시","여자","A. 기타",315,26,4,31,91,-,28,43,-,82,10
"울산광역시","계","계",296743,30009,32914,11745,44705,14952,23627,86658,2691,32207,17235
"울산광역시","계","1. 관리자",2638,545,210,78,505,134,131,745,4,229,57
"울산광역시","계","2. 전문가 및 관련 종사자",85765,16245,9588,2686,6851,4768,4335,21218,447,17209,2418
"울산광역시","계","3. 사무 종사자",67041,4039,7476,3390,16278,3864,4938,18001,732,5160,3163
"울산광역시","계","4. 서비스 종사자",27357,2790,4705,1474,4351,1121,1527,3859,286,3036,4208
"울산광역시","계","5. 판매 종사자",24037,2078,3749,1210,4409,1218,1783,4791,244,2162,2393
"울산광역시","계","6. 농림어업 숙련 종사자",1044,69,78,9,176,79,65,260,122,85,101
"울산광역시","계","7. 기능원 및 관련 기능 종사자",25607,955,2101,783,3368,989,3315,11069,229,1149,1649
"울산광역시","계","8. 장치, 기계조작 및 조립 종사자",51786,2071,3410,1603,6970,2274,6585,23937,491,2139,2306
"울산광역시","계","9. 단순 노무 종사자",11228,1199,1592,488,1758,493,912,2712,136,1026,912
"울산광역시","계","A. 기타",240,18,5,24,39,12,36,66,-,12,28
"울산광역시","남자","계",185910,9091,13279,6109,30290,9411,18917,78956,2030,9384,8443
"울산광역시","남자","1. 관리자",1983,269,131,46,459,112,113,714,4,94,41
"울산광역시","남자","2. 전문가 및 관련 종사자",42462,3593,3010,1116,4488,2663,3222,18706,322,4369,973
"울산광역시","남자","3. 사무 종사자",38522,1330,2368,1477,9604,2146,3173,15595,521,1168,1140
"울산광역시","남자","4. 서비스 종사자",11457,567,1337,578,2287,462,1029,2884,157,586,1570
"울산광역시","남자","5. 판매 종사자",11983,538,1164,560,2622,676,1156,3919,135,365,848
"울산광역시","남자","6. 농림어업 숙련 종사자",795,26,63,9,142,51,65,246,90,38,65
"울산광역시","남자","7. 기능원 및 관련 기능 종사자",23001,695,1539,669,2942,878,3188,10852,209,768,1261
"울산광역시","남자","8. 장치, 기계조작 및 조립 종사자",48542,1688,2889,1394,6480,2112,6264,23536,474,1694,2011
"울산광역시","남자","9. 단순 노무 종사자",6949,372,773,242,1227,299,671,2438,118,290,519
"울산광역시","남자","A. 기타",216,13,5,18,39,12,36,66,-,12,15
"울산광역시","여자","계",110833,20918,19635,5636,14415,5541,4710,7702,661,22823,8792
"울산광역시","여자","1. 관리자",655,276,79,32,46,22,18,31,-,135,16
"울산광역시","여자","2. 전문가 및 관련 종사자",43303,12652,6578,1570,2363,2105,1113,2512,125,12840,1445
"울산광역시","여자","3. 사무 종사자",28519,2709,5108,1913,6674,1718,1765,2406,211,3992,2023
"울산광역시","여자","4. 서비스 종사자",15900,2223,3368,896,2064,659,498,975,129,2450,2638
"울산광역시","여자","5. 판매 종사자",12054,1540,2585,650,1787,542,627,872,109,1797,1545
"울산광역시","여자","6. 농림어업 숙련 종사자",249,43,15,-,34,28,-,14,32,47,36
"울산광역시","여자","7. 기능원 및 관련 기능 종사자",2606,260,562,114,426,111,127,217,20,381,388
"울산광역시","여자","8. 장치, 기계조작 및 조립 종사자",3244,383,521,209,490,162,321,401,17,445,295
"울산광역시","여자","9. 단순 노무 종사자",4279,827,819,246,531,194,241,274,18,736,393
"울산광역시","여자","A. 기타",24,5,-,6,-,-,-,-,-,-,13
"세종특별자치시","계","계",130791,15050,16668,8070,24584,8398,9656,28005,2927,11899,5534
"세종특별자치시","계","1. 관리자",3183,464,247,180,590,170,227,1032,23,159,91
"세종특별자치시","계","2. 전문가 및 관련 종사자",47950,9041,5633,2821,5377,3334,3329,10443,738,6216,1018
"세종특별자치시","계","3. 사무 종사자",42168,2611,4978,3161,11736,2751,3066,8518,1247,2732,1368
"세종특별자치시","계","4. 서비스 종사자",10080,1150,1977,524,1929,440,644,1023,179,1016,1198
"세종특별자치시","계","5. 판매 종사자",8985,689,1711,427,2087,555,527,1372,277,610,730
"세종특별자치시","계","6. 농림어업 숙련 종사자",1037,94,188,65,148,60,38,175,150,92,27
"세종특별자치시","계","7. 기능원 및 관련 기능 종사자",4390,173,452,202,645,278,403,1738,43,205,251
"세종특별자치시","계","8. 장치, 기계조작 및 조립 종사자",7417,406,696,374,988,440,866,2720,109,409,409
"세종특별자치시","계","9. 단순 노무 종사자",4150,375,677,244,690,319,356,719,143,347,280
"세종특별자치시","계","A. 기타",1431,47,109,72,394,51,200,265,18,113,162
"세종특별자치시","남자","계",76240,4486,6146,4134,16417,5066,7402,23761,2121,3961,2746
"세종특별자치시","남자","1. 관리자",2509,226,108,109,557,136,200,994,23,82,74
"세종특별자치시","남자","2. 전문가 및 관련 종사자",25866,2315,1966,1340,3678,2070,2662,8869,521,1985,460
"세종특별자치시","남자","3. 사무 종사자",23464,900,1599,1542,7116,1397,2034,6686,874,786,530
"세종특별자치시","남자","4. 서비스 종사자",4766,294,602,298,1247,208,408,801,114,275,519
"세종특별자치시","남자","5. 판매 종사자",5117,237,553,232,1520,338,363,1145,221,170,338
"세종특별자치시","남자","6. 농림어업 숙련 종사자",739,48,101,45,136,38,33,141,134,47,16
"세종특별자치시","남자","7. 기능원 및 관련 기능 종사자",3632,82,286,119,512,210,382,1696,36,142,167
"세종특별자치시","남자","8. 장치, 기계조작 및 조립 종사자",6451,241,510,299,896,380,825,2580,83,267,370
"세종특별자치시","남자","9. 단순 노무 종사자",2426,96,329,94,413,246,295,615,97,125,116
"세종특별자치시","남자","A. 기타",1270,47,92,56,342,43,200,234,18,82,156
"세종특별자치시","여자","계",54551,10564,10522,3936,8167,3332,2254,4244,806,7938,2788
"세종특별자치시","여자","1. 관리자",674,238,139,71,33,34,27,38,-,77,17
"세종특별자치시","여자","2. 전문가 및 관련 종사자",22084,6726,3667,1481,1699,1264,667,1574,217,4231,558
"세종특별자치시","여자","3. 사무 종사자",18704,1711,3379,1619,4620,1354,1032,1832,373,1946,838
"세종특별자치시","여자","4. 서비스 종사자",5314,856,1375,226,682,232,236,222,65,741,679
"세종특별자치시","여자","5. 판매 종사자",3868,452,1158,195,567,217,164,227,56,440,392
"세종특별자치시","여자","6. 농림어업 숙련 종사자",298,46,87,20,12,22,5,34,16,45,11
"세종특별자치시","여자","7. 기능원 및 관련 기능 종사자",758,91,166,83,133,68,21,42,7,63,84
"세종특별자치시","여자","8. 장치, 기계조작 및 조립 종사자",966,165,186,75,92,60,41,140,26,142,39
"세종특별자치시","여자","9. 단순 노무 종사자",1724,279,348,150,277,73,61,104,46,222,164
"세종특별자치시","여자","A. 기타",161,-,17,16,52,8,-,31,-,31,6
"경기도","계","계",3996458,386933,638221,195915,645297,203734,413340,850959,52953,383981,225125
"경기도","계","1. 관리자",40822,6646,3821,2188,8632,1847,2602,10308,576,2909,1293
"경기도","계","2. 전문가 및 관련 종사자",1372205,193879,217764,54796,124077,77348,153835,300170,11446,204266,34624
"경기도","계","3. 사무 종사자",1028929,67238,152688,64877,254181,55542,95016,201617,14043,70521,53206
"경기도","계","4. 서비스 종사자",369361,36901,75773,19501,60120,15881,25230,43454,4483,35609,52409
"경기도","계","5. 판매 종사자",422526,32556,87590,22480,81329,20217,40055,70376,6670,27882,33371
"경기도","계","6. 농림어업 숙련 종사자",23043,1988,2929,1114,3815,1171,1745,4032,3988,1167,1094
"경기도","계","7. 기능원 및 관련 기능 종사자",235093,11876,28910,8140,30820,9200,34427,84531,3214,9696,14279
"경기도","계","8. 장치, 기계조작 및 조립 종사자",288460,16835,33381,11105,44192,13005,37274,96345,4761,14331,17231
"경기도","계","9. 단순 노무 종사자",183308,17140,33097,9323,32173,8501,17788,33275,3533,14083,14395
"경기도","계","A. 기타",32711,1874,2268,2391,5958,1022,5368,6851,239,3517,3223
"경기도","남자","계",2380143,121132,258835,102531,437955,121808,328843,743801,38917,116043,110278
"경기도","남자","1. 관리자",31642,3171,2483,1654,7748,1516,2388,9865,483,1364,970
"경기도","남자","2. 전문가 및 관련 종사자",757793,49775,85501,26084,86242,44535,126662,259874,7930,54147,17043
"경기도","남자","3. 사무 종사자",578478,21387,54684,31398,155599,30374,66080,168600,9654,19917,20785
"경기도","남자","4. 서비스 종사자",161132,8173,21771,7920,35483,7378,16428,32414,2463,7864,21238
"경기도","남자","5. 판매 종사자",243853,10902,33216,11943,55771,12423,30239,60209,4830,9098,15222
"경기도","남자","6. 농림어업 숙련 종사자",18033,1109,1736,844,3182,938,1493,3815,3577,570,769
"경기도","남자","7. 기능원 및 관련 기능 종사자",202020,7942,19566,6335,27045,7612,32507,81090,2840,6301,10782
"경기도","남자","8. 장치, 기계조작 및 조립 종사자",241492,10386,22792,8820,37610,10949,33848,92161,4223,8288,12415
"경기도","남자","9. 단순 노무 종사자",115594,6625,15109,5388,23823,5152,14171,29150,2701,5337,8138
"경기도","남자","A. 기타",30106,1662,1977,2145,5452,931,5027,6623,216,3157,2916
"경기도","여자","계",1616315,265801,379386,93384,207342,81926,84497,107158,14036,267938,114847
"경기도","여자","1. 관리자",9180,3475,1338,534,884,331,214,443,93,1545,323
"경기도","여자","2. 전문가 및 관련 종사자",614412,144104,132263,28712,37835,32813,27173,40296,3516,150119,17581
"경기도","여자","3. 사무 종사자",450451,45851,98004,33479,98582,25168,28936,33017,4389,50604,32421
"경기도","여자","4. 서비스 종사자",208229,28728,54002,11581,24637,8503,8802,11040,2020,27745,31171
"경기도","여자","5. 판매 종사자",178673,21654,54374,10537,25558,7794,9816,10167,1840,18784,18149
"경기도","여자","6. 농림어업 숙련 종사자",5010,879,1193,270,633,233,252,217,411,597,325
"경기도","여자","7. 기능원 및 관련 기능 종사자",33073,3934,9344,1805,3775,1588,1920,3441,374,3395,3497
"경기도","여자","8. 장치, 기계조작 및 조립 종사자",46968,6449,10589,2285,6582,2056,3426,4184,538,6043,4816
"경기도","여자","9. 단순 노무 종사자",67714,10515,17988,3935,8350,3349,3617,4125,832,8746,6257
"경기도","여자","A. 기타",2605,212,291,246,506,91,341,228,23,360,307
"강원도","계","계",380547,48427,41930,19326,60064,21261,30150,65854,12642,53325,27568
"강원도","계","1. 관리자",4289,1298,276,230,778,190,161,692,134,408,122
"강원도","계","2. 전문가 및 관련 종사자",101075,24696,12410,4110,7787,5765,3982,12058,1913,25390,2964
"강원도","계","3. 사무 종사자",90646,6812,9097,5838,20397,6054,7488,15997,3823,9870,5270
"강원도","계","4. 서비스 종사자",52773,5716,6794,2858,8962,2611,3675,6322,1351,6373,8111
"강원도","계","5. 판매 종사자",30461,2725,4434,1611,5744,1686,2655,4452,1220,3071,2863
"강원도","계","6. 농림어업 숙련 종사자",10981,968,1257,477,2080,639,820,1739,1684,646,671
"강원도","계","7. 기능원 및 관련 기능 종사자",25483,1407,2146,842,3325,1088,3768,8975,638,1465,1829
"강원도","계","8. 장치, 기계조작 및 조립 종사자",22208,1102,1485,705,3404,1253,2441,7946,899,1535,1438
"강원도","계","9. 단순 노무 종사자",23830,2412,2740,1351,4244,1320,2060,4244,903,2440,2116
"강원도","계","A. 기타",18801,1291,1291,1304,3343,655,3100,3429,77,2127,2184
"강원도","남자","계",229263,17698,19111,10861,42414,13247,23360,58326,9663,18565,16018
"강원도","남자","1. 관리자",3263,842,186,183,719,177,149,656,111,144,96
"강원도","남자","2. 전문가 및 관련 종사자",46281,7357,5370,1814,5022,3209,2796,10272,1335,7637,1469
"강원도","남자","3. 사무 종사자",50200,2541,3248,2829,12713,3351,4673,13163,2624,2731,2327
"강원도","남자","4. 서비스 종사자",27469,1552,2481,1438,5770,1485,2651,5199,965,1831,4097
"강원도","남자","5. 판매 종사자",17474,845,1689,875,4076,1089,1852,3799,875,916,1458
"강원도","남자","6. 농림어업 숙련 종사자",8873,624,861,357,1828,530,729,1646,1515,293,490
"강원도","남자","7. 기능원 및 관련 기능 종사자",22371,957,1489,675,2924,957,3605,8679,581,940,1564
"강원도","남자","8. 장치, 기계조작 및 조립 종사자",20067,796,1188,641,3102,1052,2295,7767,822,1126,1278
"강원도","남자","9. 단순 노무 종사자",15999,1026,1498,900,3158,838,1619,3837,762,1026,1335
"강원도","남자","A. 기타",17266,1158,1101,1149,3102,559,2991,3308,73,1921,1904
"강원도","여자","계",151284,30729,22819,8465,17650,8014,6790,7528,2979,34760,11550
"강원도","여자","1. 관리자",1026,456,90,47,59,13,12,36,23,264,26
"강원도","여자","2. 전문가 및 관련 종사자",54794,17339,7040,2296,2765,2556,1186,1786,578,17753,1495
"강원도","여자","3. 사무 종사자",40446,4271,5849,3009,7684,2703,2815,2834,1199,7139,2943
"강원도","여자","4. 서비스 종사자",25304,4164,4313,1420,3192,1126,1024,1123,386,4542,4014
"강원도","여자","5. 판매 종사자",12987,1880,2745,736,1668,597,803,653,345,2155,1405
"강원도","여자","6. 농림어업 숙련 종사자",2108,344,396,120,252,109,91,93,169,353,181
"강원도","여자","7. 기능원 및 관련 기능 종사자",3112,450,657,167,401,131,163,296,57,525,265
"강원도","여자","8. 장치, 기계조작 및 조립 종사자",2141,306,297,64,302,201,146,179,77,409,160
"강원도","여자","9. 단순 노무 종사자",7831,1386,1242,451,1086,482,441,407,141,1414,781
"강원도","여자","A. 기타",1535,133,190,155,241,96,109,121,4,206,280
"충청북도","계","계",406613,45293,43320,18071,61654,21670,35309,98845,11490,50143,20818
"충청북도","계","1. 관리자",7413,1292,523,283,1292,397,437,2105,143,775,166
"충청북도","계","2. 전문가 및 관련 종사자",115500,24086,13048,4062,8102,6686,6412,22605,2133,25453,2913
"충청북도","계","3. 사무 종사자",95227,6011,9107,5330,21839,5840,8122,23519,3061,8417,3981
"충청북도","계","4. 서비스 종사자",41414,4258,5730,2420,7824,2044,2819,5804,882,4998,4635
"충청북도","계","5. 판매 종사자",33310,2720,4851,1745,6554,1563,3036,6019,1002,3178,2642
"충청북도","계","6. 농림어업 숙련 종사자",10291,1014,1164,414,1760,503,671,2050,1622,713,380
"충청북도","계","7. 기능원 및 관련 기능 종사자",26280,1243,1943,735,3164,1041,3830,10887,718,1300,1419
"충청북도","계","8. 장치, 기계조작 및 조립 종사자",55641,2982,4593,1853,7060,2591,7706,21210,1249,3242,3155
"충청북도","계","9. 단순 노무 종사자",18086,1505,2113,1001,3301,902,1664,3905,644,1844,1207
"충청북도","계","A. 기타",3451,182,248,228,758,103,612,741,36,223,320
"충청북도","남자","계",251177,16064,19027,9809,42868,13087,28161,86106,8826,16176,11053
"충청북도","남자","1. 관리자",5778,646,347,232,1143,336,378,2003,128,438,127
"충청북도","남자","2. 전문가 및 관련 종사자",56910,7015,5193,1727,5391,3715,4919,18950,1398,7284,1318
"충청북도","남자","3. 사무 종사자",56597,2134,3608,2811,13518,3314,5747,19022,2243,2448,1752
"충청북도","남자","4. 서비스 종사자",20034,1133,1852,1160,4860,935,1960,4437,515,1171,2011
"충청북도","남자","5. 판매 종사자",19273,905,1786,890,4658,878,2270,5075,787,848,1176
"충청북도","남자","6. 농림어업 숙련 종사자",8162,583,762,303,1511,403,583,1964,1514,301,238
"충청북도","남자","7. 기능원 및 관련 기능 종사자",23254,909,1337,596,2732,870,3703,10456,649,851,1151
"충청북도","남자","8. 장치, 기계조작 및 조립 종사자",45791,1830,2935,1350,5773,1962,6773,19968,1059,1931,2210
"충청북도","남자","9. 단순 노무 종사자",12289,740,997,551,2610,595,1265,3542,497,742,750
"충청북도","남자","A. 기타",3089,169,210,189,672,79,563,689,36,162,320
"충청북도","여자","계",155436,29229,24293,8262,18786,8583,7148,12739,2664,33967,9765
"충청북도","여자","1. 관리자",1635,646,176,51,149,61,59,102,15,337,39
"충청북도","여자","2. 전문가 및 관련 종사자",58590,17071,7855,2335,2711,2971,1493,3655,735,18169,1595
"충청북도","여자","3. 사무 종사자",38630,3877,5499,2519,8321,2526,2375,4497,818,5969,2229
"충청북도","여자","4. 서비스 종사자",21380,3125,3878,1260,2964,1109,859,1367,367,3827,2624
"충청북도","여자","5. 판매 종사자",14037,1815,3065,855,1896,685,766,944,215,2330,1466
"충청북도","여자","6. 농림어업 숙련 종사자",2129,431,402,111,249,100,88,86,108,412,142
"충청북도","여자","7. 기능원 및 관련 기능 종사자",3026,334,606,139,432,171,127,431,69,449,268
"충청북도","여자","8. 장치, 기계조작 및 조립 종사자",9850,1152,1658,503,1287,629,933,1242,190,1311,945
"충청북도","여자","9. 단순 노무 종사자",5797,765,1116,450,691,307,399,363,147,1102,457
"충청북도","여자","A. 기타",362,13,38,39,86,24,49,52,-,61,-
"충청남도","계","계",505759,57570,57351,22668,74103,23760,43934,124443,14992,59257,27681
"충청남도","계","1. 관리자",7271,1569,534,283,1339,370,378,1602,219,743,234
"충청남도","계","2. 전문가 및 관련 종사자",135744,28917,16748,4735,9865,6489,7838,28129,1968,27426,3629
"충청남도","계","3. 사무 종사자",116310,8130,12099,6498,25906,6281,9948,28372,3330,10486,5260
"충청남도","계","4. 서비스 종사자",48587,5470,7796,2650,8153,2052,2975,5873,1117,6314,6187
"충청남도","계","5. 판매 종사자",40554,3531,6088,2111,7599,1995,3582,7068,1621,3880,3079
"충청남도","계","6. 농림어업 숙련 종사자",16866,1607,1658,877,2692,789,1177,2963,3297,1114,692
"충청남도","계","7. 기능원 및 관련 기능 종사자",35912,1838,3007,1205,4299,1399,5176,14157,856,1783,2192
"충청남도","계","8. 장치, 기계조작 및 조립 종사자",74643,3861,5790,2333,9131,3004,9762,30345,1744,4603,4070
"충청남도","계","9. 단순 노무 종사자",24163,2367,3301,1326,3749,1160,2207,4818,809,2460,1966
"충청남도","계","A. 기타",5709,280,330,650,1370,221,891,1116,31,448,372
"충청남도","남자","계",319637,20636,25788,12626,51715,15483,36028,111691,12160,18983,14527
"충청남도","남자","1. 관리자",5521,825,306,200,1213,292,346,1547,198,411,183
"충청남도","남자","2. 전문가 및 관련 종사자",69179,8702,6899,2054,6615,3594,6270,24370,1413,7636,1626
"충청남도","남자","3. 사무 종사자",69913,2907,4683,3287,16056,3720,7358,24233,2434,2859,2376
"충청남도","남자","4. 서비스 종사자",21907,1178,2429,1134,5081,1096,1934,4442,622,1505,2486
"충청남도","남자","5. 판매 종사자",23070,1101,2270,1109,4978,1329,2591,5990,1323,1128,1251
"충청남도","남자","6. 농림어업 숙련 종사자",13592,1025,1033,598,2327,620,1060,2828,3087,538,476
"충청남도","남자","7. 기능원 및 관련 기능 종사자",31469,1337,2128,1008,3685,1238,4886,13705,786,1109,1587
"충청남도","남자","8. 장치, 기계조작 및 조립 종사자",64298,2419,4068,1884,7749,2552,9000,29186,1594,2759,3087
"충청남도","남자","9. 단순 노무 종사자",15588,894,1688,769,2768,844,1759,4331,674,736,1125
"충청남도","남자","A. 기타",5100,248,284,583,1243,198,824,1059,29,302,330
"충청남도","여자","계",186122,36934,31563,10042,22388,8277,7906,12752,2832,40274,13154
"충청남도","여자","1. 관리자",1750,744,228,83,126,78,32,55,21,332,51
"충청남도","여자","2. 전문가 및 관련 종사자",66565,20215,9849,2681,3250,2895,1568,3759,555,19790,2003
"충청남도","여자","3. 사무 종사자",46397,5223,7416,3211,9850,2561,2590,4139,896,7627,2884
"충청남도","여자","4. 서비스 종사자",26680,4292,5367,1516,3072,956,1041,1431,495,4809,3701
"충청남도","여자","5. 판매 종사자",17484,2430,3818,1002,2621,666,991,1078,298,2752,1828
"충청남도","여자","6. 농림어업 숙련 종사자",3274,582,625,279,365,169,117,135,210,576,216
"충청남도","여자","7. 기능원 및 관련 기능 종사자",4443,501,879,197,614,161,290,452,70,674,605
"충청남도","여자","8. 장치, 기계조작 및 조립 종사자",10345,1442,1722,449,1382,452,762,1159,150,1844,983
"충청남도","여자","9. 단순 노무 종사자",8575,1473,1613,557,981,316,448,487,135,1724,841
"충청남도","여자","A. 기타",609,32,46,67,127,23,67,57,2,146,42
"전라북도","계","계",435051,56083,51220,22040,64683,23098,28399,84606,16409,67299,21214
"전라북도","계","1. 관리자",4637,1350,397,241,696,226,166,1001,133,346,81
"전라북도","계","2. 전문가 및 관련 종사자",128516,28780,16694,5183,9329,6652,4300,17359,3409,33716,3094
"전라북도","계","3. 사무 종사자",105055,8464,11022,6651,23660,6486,7181,21170,4181,11912,4328
"전라북도","계","4. 서비스 종사자",49681,6009,7045,2922,8128,2501,2797,6304,1337,7580,5058
"전라북도","계","5. 판매 종사자",39694,3584,5978,2307,7179,2209,3025,6337,1479,4718,2878
"전라북도","계","6. 농림어업 숙련 종사자",15972,1538,1602,839,2584,732,1112,3064,2574,1256,671
"전라북도","계","7. 기능원 및 관련 기능 종사자",29612,1645,3073,1119,3844,1269,3613,10600,965,1925,1559
"전라북도","계","8. 장치, 기계조작 및 조립 종사자",38868,2305,2723,1450,5677,1733,4332,14343,1419,2924,1962
"전라북도","계","9. 단순 노무 종사자",21347,2299,2577,1208,3236,1204,1672,4172,895,2717,1367
"전라북도","계","A. 기타",1669,109,109,120,350,86,201,256,17,205,216
"전라북도","남자","계",254574,19118,22387,11599,47013,13284,22243,74605,12129,21740,10456
"전라북도","남자","1. 관리자",3366,731,248,166,599,175,143,960,129,139,76
"전라북도","남자","2. 전문가 및 관련 종사자",59700,8764,7013,2390,6693,3398,3083,14965,2227,9995,1172
"전라북도","남자","3. 사무 종사자",58787,2907,4081,3085,15345,3296,4766,17304,2770,3544,1689
"전라북도","남자","4. 서비스 종사자",22370,1242,2098,1213,5442,1200,1914,4950,747,1732,1832
"전라북도","남자","5. 판매 종사자",22116,1041,2278,1142,5217,1258,2157,5312,1070,1384,1257
"전라북도","남자","6. 농림어업 숙련 종사자",12771,852,1042,658,2291,589,979,2927,2340,605,488
"전라북도","남자","7. 기능원 및 관련 기능 종사자",25246,1008,2092,852,3419,1069,3433,10240,839,1056,1238
"전라북도","남자","8. 장치, 기계조작 및 조립 종사자",34905,1490,2128,1221,5280,1467,4164,14028,1353,2083,1691
"전라북도","남자","9. 단순 노무 종사자",13786,986,1300,766,2407,750,1405,3679,637,1019,837
"전라북도","남자","A. 기타",1527,97,107,106,320,82,199,240,17,183,176
"전라북도","여자","계",180477,36965,28833,10441,17670,9814,6156,10001,4280,45559,10758
"전라북도","여자","1. 관리자",1271,619,149,75,97,51,23,41,4,207,5
"전라북도","여자","2. 전문가 및 관련 종사자",68816,20016,9681,2793,2636,3254,1217,2394,1182,23721,1922
"전라북도","여자","3. 사무 종사자",46268,5557,6941,3566,8315,3190,2415,3866,1411,8368,2639
"전라북도","여자","4. 서비스 종사자",27311,4767,4947,1709,2686,1301,883,1354,590,5848,3226
"전라북도","여자","5. 판매 종사자",17578,2543,3700,1165,1962,951,868,1025,409,3334,1621
"전라북도","여자","6. 농림어업 숙련 종사자",3201,686,560,181,293,143,133,137,234,651,183
"전라북도","여자","7. 기능원 및 관련 기능 종사자",4366,637,981,267,425,200,180,360,126,869,321
"전라북도","여자","8. 장치, 기계조작 및 조립 종사자",3963,815,595,229,397,266,168,315,66,841,271
"전라북도","여자","9. 단순 노무 종사자",7561,1313,1277,442,829,454,267,493,258,1698,530
"전라북도","여자","A. 기타",142,12,2,14,30,4,2,16,-,22,40
"전라남도","계","계",392312,45792,35700,16881,53697,17804,30992,89168,14602,66957,20719
"전라남도","계","1. 관리자",3973,1178,194,131,522,127,212,899,104,526,80
"전라남도","계","2. 전문가 및 관련 종사자",106172,23780,11352,3330,6958,4371,4690,16057,2070,30902,2662
"전라남도","계","3. 사무 종사자",90077,6331,7148,5285,18973,5072,7836,19793,3552,12168,3919
"전라남도","계","4. 서비스 종사자",44215,4861,5219,2231,6674,1889,2782,6199,1188,8064,5108
"전라남도","계","5. 판매 종사자",32418,2890,3681,1654,5313,1428,2980,5638,1362,5064,2408
"전라남도","계","6. 농림어업 숙련 종사자",22115,1725,1780,1034,3562,919,1755,4531,3547,2270,992
"전라남도","계","7. 기능원 및 관련 기능 종사자",32978,1471,2277,946,3718,1400,4202,13619,978,2347,2020
"전라남도","계","8. 장치, 기계조작 및 조립 종사자",37803,1458,1963,1120,4667,1539,4148,17504,1002,2637,1765
"전라남도","계","9. 단순 노무 종사자",19994,1803,1887,962,2824,976,2116,4428,759,2734,1505
"전라남도","계","A. 기타",2567,295,199,188,486,83,271,500,40,245,260
"전라남도","남자","계",239348,16671,16649,9293,37550,11030,24139,80360,11440,21242,10974
"전라남도","남자","1. 관리자",2736,576,137,104,464,108,157,852,84,201,53
"전라남도","남자","2. 전문가 및 관련 종사자",49544,7480,5174,1452,4641,2334,3540,13969,1405,8236,1313
"전라남도","남자","3. 사무 종사자",50104,2070,2639,2362,11236,2655,5005,16649,2469,3379,1640
"전라남도","남자","4. 서비스 종사자",20083,1166,1667,1008,4291,904,1784,4897,738,1770,1858
"전라남도","남자","5. 판매 종사자",18129,969,1391,950,3537,883,2062,4861,1018,1407,1051
"전라남도","남자","6. 농림어업 숙련 종사자",17676,1025,1196,793,3089,705,1496,4275,3210,1192,695
"전라남도","남자","7. 기능원 및 관련 기능 종사자",29718,1140,1693,823,3264,1248,4006,13318,887,1677,1662
"전라남도","남자","8. 장치, 기계조작 및 조립 종사자",35398,1213,1609,972,4393,1452,4050,17094,973,2116,1526
"전라남도","남자","9. 단순 노무 종사자",13611,757,989,649,2168,665,1782,3968,616,1049,968
"전라남도","남자","A. 기타",2349,275,154,180,467,76,257,477,40,215,208
"전라남도","여자","계",152964,29121,19051,7588,16147,6774,6853,8808,3162,45715,9745
"전라남도","여자","1. 관리자",1237,602,57,27,58,19,55,47,20,325,27
"전라남도","여자","2. 전문가 및 관련 종사자",56628,16300,6178,1878,2317,2037,1150,2088,665,22666,1349
"전라남도","여자","3. 사무 종사자",39973,4261,4509,2923,7737,2417,2831,3144,1083,8789,2279
"전라남도","여자","4. 서비스 종사자",24132,3695,3552,1223,2383,985,998,1302,450,6294,3250
"전라남도","여자","5. 판매 종사자",14289,1921,2290,704,1776,545,918,777,344,3657,1357
"전라남도","여자","6. 농림어업 숙련 종사자",4439,700,584,241,473,214,259,256,337,1078,297
"전라남도","여자","7. 기능원 및 관련 기능 종사자",3260,331,584,123,454,152,196,301,91,670,358
"전라남도","여자","8. 장치, 기계조작 및 조립 종사자",2405,245,354,148,274,87,98,410,29,521,239
"전라남도","여자","9. 단순 노무 종사자",6383,1046,898,313,656,311,334,460,143,1685,537
"전라남도","여자","A. 기타",218,20,45,8,19,7,14,23,-,30,52
"경상북도","계","계",598340,66169,59988,26317,93795,26736,53994,135795,17029,82963,35554
"경상북도","계","1. 관리자",9090,1843,659,467,1580,356,447,2235,144,1111,248
"경상북도","계","2. 전문가 및 관련 종사자",155097,32793,17055,5768,11168,7459,9008,27876,2378,37288,4304
"경상북도","계","3. 사무 종사자",132086,8959,12241,7293,32459,6970,12011,27953,3822,13991,6387
"경상북도","계","4. 서비스 종사자",64225,6963,8501,3315,10860,2570,4178,7994,1272,10228,8344
"경상북도","계","5. 판매 종사자",48996,4220,6457,2115,9582,2236,4409,8338,1434,5843,4362
"경상북도","계","6. 농림어업 숙련 종사자",29074,2395,2881,1525,5167,1420,2059,5757,4172,2399,1299
"경상북도","계","7. 기능원 및 관련 기능 종사자",43711,1937,3248,1466,5403,1422,6608,17358,1005,2531,2733
"경상북도","계","8. 장치, 기계조작 및 조립 종사자",82037,4183,5407,2510,11333,2932,11884,31281,1777,5824,4906
"경상북도","계","9. 단순 노무 종사자",31253,2747,3301,1644,5642,1270,2936,6443,984,3564,2722
"경상북도","계","A. 기타",2771,129,238,214,601,101,454,560,41,184,249
"경상북도","남자","계",373142,23548,26525,14761,65734,16165,43128,123145,13764,27626,18746
"경상북도","남자","1. 관리자",6825,999,395,333,1404,273,400,2205,139,538,139
"경상북도","남자","2. 전문가 및 관련 종사자",75651,9914,6590,2511,7387,4155,6707,24557,1700,10252,1878
"경상북도","남자","3. 사무 종사자",75910,3147,4682,3627,19484,3624,8007,23844,2638,4036,2821
"경상북도","남자","4. 서비스 종사자",29158,1470,2541,1455,6908,1222,2687,6314,791,2581,3189
"경상북도","남자","5. 판매 종사자",28000,1279,2461,1183,6513,1291,3264,7151,1102,1794,1962
"경상북도","남자","6. 농림어업 숙련 종사자",23267,1379,1798,1075,4516,1108,1842,5463,3931,1218,937
"경상북도","남자","7. 기능원 및 관련 기능 종사자",39179,1372,2361,1297,4831,1166,6318,16942,945,1745,2202
"경상북도","남자","8. 장치, 기계조작 및 조립 종사자",71378,2674,3729,2044,9926,2420,10984,30375,1659,3849,3718
"경상북도","남자","9. 단순 노무 종사자",21151,1207,1751,1045,4181,805,2477,5743,818,1455,1669
"경상북도","남자","A. 기타",2623,107,217,191,584,101,442,551,41,158,231
"경상북도","여자","계",225198,42621,33463,11556,28061,10571,10866,12650,3265,55337,16808
"경상북도","여자","1. 관리자",2265,844,264,134,176,83,47,30,5,573,109
"경상북도","여자","2. 전문가 및 관련 종사자",79446,22879,10465,3257,3781,3304,2301,3319,678,27036,2426
"경상북도","여자","3. 사무 종사자",56176,5812,7559,3666,12975,3346,4004,4109,1184,9955,3566
"경상북도","여자","4. 서비스 종사자",35067,5493,5960,1860,3952,1348,1491,1680,481,7647,5155
"경상북도","여자","5. 판매 종사자",20996,2941,3996,932,3069,945,1145,1187,332,4049,2400
"경상북도","여자","6. 농림어업 숙련 종사자",5807,1016,1083,450,651,312,217,294,241,1181,362
"경상북도","여자","7. 기능원 및 관련 기능 종사자",4532,565,887,169,572,256,290,416,60,786,531
"경상북도","여자","8. 장치, 기계조작 및 조립 종사자",10659,1509,1678,466,1407,512,900,906,118,1975,1188
"경상북도","여자","9. 단순 노무 종사자",10102,1540,1550,599,1461,465,459,700,166,2109,1053
"경상북도","여자","A. 기타",148,22,21,23,17,-,12,9,-,26,18
"경상남도","계","계",827173,89757,87468,34853,129284,38790,61873,209673,22117,103754,49604
"경상남도","계","1. 관리자",9867,2065,640,431,1979,410,385,2635,303,828,191
"경상남도","계","2. 전문가 및 관련 종사자",238721,47269,25598,7722,18538,10819,10898,54219,3673,53737,6248
"경상남도","계","3. 사무 종사자",190326,12157,19268,10456,45766,10597,13911,46666,5001,16845,9659
"경상남도","계","4. 서비스 종사자",88079,9031,12772,4174,15413,3922,5047,12066,2234,11326,12094
"경상남도","계","5. 판매 종사자",72619,6060,10339,3431,13936,3366,5483,13476,2439,7197,6892
"경상남도","계","6. 농림어업 숙련 종사자",19838,1729,1820,925,3419,1075,1402,3824,3470,1313,861
"경상남도","계","7. 기능원 및 관련 기능 종사자",66223,2792,5116,2023,7866,2483,8953,28304,1521,2957,4208
"경상남도","계","8. 장치, 기계조작 및 조립 종사자",97182,4909,7153,3141,14610,4213,11664,38286,2240,5138,5828
"경상남도","계","9. 단순 노무 종사자",36493,3402,4321,2098,6274,1677,2768,8061,1170,3730,2992
"경상남도","계","A. 기타",7825,343,441,452,1483,228,1362,2136,66,683,631
"경상남도","남자","계",501947,29009,35346,17686,87075,22476,48966,189848,17366,30068,24107
"경상남도","남자","1. 관리자",7497,1055,399,302,1789,305,330,2555,276,375,111
"경상남도","남자","2. 전문가 및 관련 종사자",117400,12991,8803,3181,11881,5426,8149,48151,2696,13394,2728
"경상남도","남자","3. 사무 종사자",107751,3853,6734,4534,26743,5380,9175,40154,3476,4206,3496
"경상남도","남자","4. 서비스 종사자",38363,1797,3438,1597,9094,1689,3108,9390,1329,2491,4430
"경상남도","남자","5. 판매 종사자",39193,1626,3540,1580,8892,1739,3872,11638,1850,1812,2644
"경상남도","남자","6. 농림어업 숙련 종사자",15550,958,1104,678,2853,824,1207,3584,3186,592,564
"경상남도","남자","7. 기능원 및 관련 기능 종사자",59481,1893,3728,1729,6970,2205,8575,27592,1446,2052,3291
"경상남도","남자","8. 장치, 기계조작 및 조립 종사자",85968,3173,5195,2605,12941,3610,11032,37416,2091,3271,4634
"경상남도","남자","9. 단순 노무 종사자",23570,1376,2020,1078,4556,1099,2208,7290,961,1290,1692
"경상남도","남자","A. 기타",7174,287,385,402,1356,199,1310,2078,55,585,517
"경상남도","여자","계",325226,60748,52122,17167,42209,16314,12907,19825,4751,73686,25497
"경상남도","여자","1. 관리자",2370,1010,241,129,190,105,55,80,27,453,80
"경상남도","여자","2. 전문가 및 관련 종사자",121321,34278,16795,4541,6657,5393,2749,6068,977,40343,3520
"경상남도","여자","3. 사무 종사자",82575,8304,12534,5922,19023,5217,4736,6512,1525,12639,6163
"경상남도","여자","4. 서비스 종사자",49716,7234,9334,2577,6319,2233,1939,2676,905,8835,7664
"경상남도","여자","5. 판매 종사자",33426,4434,6799,1851,5044,1627,1611,1838,589,5385,4248
"경상남도","여자","6. 농림어업 숙련 종사자",4288,771,716,247,566,251,195,240,284,721,297
"경상남도","여자","7. 기능원 및 관련 기능 종사자",6742,899,1388,294,896,278,378,712,75,905,917
"경상남도","여자","8. 장치, 기계조작 및 조립 종사자",11214,1736,1958,536,1669,603,632,870,149,1867,1194
"경상남도","여자","9. 단순 노무 종사자",12923,2026,2301,1020,1718,578,560,771,209,2440,1300
"경상남도","여자","A. 기타",651,56,56,50,127,29,52,58,11,98,114
"제주특별자치도","계","계",204003,21970,28097,10599,33916,10695,13939,28476,7448,26899,21964
"제주특별자치도","계","1. 관리자",1624,347,144,75,279,73,84,299,42,152,129
"제주특별자치도","계","2. 전문가 및 관련 종사자",51131,9999,7382,2562,4666,2590,2472,6209,1115,12309,1827
"제주특별자치도","계","3. 사무 종사자",43100,3065,5539,2850,10502,2764,2942,5672,1532,4139,4095
"제주특별자치도","계","4. 서비스 종사자",35450,3450,5908,1731,5659,1588,2031,3344,876,3769,7094
"제주특별자치도","계","5. 판매 종사자",23949,2109,4051,1154,4434,1198,1715,2585,970,2483,3250
"제주특별자치도","계","6. 농림어업 숙련 종사자",11809,1009,1261,502,2419,753,721,1641,1531,952,1020
"제주특별자치도","계","7. 기능원 및 관련 기능 종사자",13856,535,1360,577,1839,646,1757,4086,467,950,1639
"제주특별자치도","계","8. 장치, 기계조작 및 조립 종사자",10803,542,912,486,1852,569,1029,2723,531,737,1422
"제주특별자치도","계","9. 단순 노무 종사자",11950,899,1527,662,2186,514,1139,1806,370,1390,1457
"제주특별자치도","계","A. 기타",331,15,13,-,80,-,49,111,14,18,31
"제주특별자치도","남자","계",116606,7308,11535,5514,22250,6537,10609,24661,6269,9755,12168
"제주특별자치도","남자","1. 관리자",1177,145,111,56,256,59,84,275,33,44,114
"제주특별자치도","남자","2. 전문가 및 관련 종사자",24258,2733,2975,1066,2921,1541,1913,5281,907,4110,811
"제주특별자치도","남자","3. 사무 종사자",22328,997,1815,1297,6101,1395,1866,4534,1186,1297,1840
"제주특별자치도","남자","4. 서비스 종사자",17793,999,2098,856,3490,899,1286,2586,581,1136,3862
"제주특별자치도","남자","5. 판매 종사자",12110,609,1386,596,2576,600,1172,2110,840,771,1450
"제주특별자치도","남자","6. 농림어업 숙련 종사자",9092,621,726,362,1986,603,622,1541,1410,526,695
"제주특별자치도","남자","7. 기능원 및 관련 기능 종사자",11752,373,996,440,1505,572,1683,3912,441,619,1211
"제주특별자치도","남자","8. 장치, 기계조작 및 조립 종사자",9759,399,725,425,1724,531,969,2670,529,559,1228
"제주특별자치도","남자","9. 단순 노무 종사자",8030,417,690,416,1620,337,965,1641,328,682,934
"제주특별자치도","남자","A. 기타",307,15,13,-,71,-,49,111,14,11,23
"제주특별자치도","여자","계",87397,14662,16562,5085,11666,4158,3330,3815,1179,17144,9796
"제주특별자치도","여자","1. 관리자",447,202,33,19,23,14,-,24,9,108,15
"제주특별자치도","여자","2. 전문가 및 관련 종사자",26873,7266,4407,1496,1745,1049,559,928,208,8199,1016
"제주특별자치도","여자","3. 사무 종사자",20772,2068,3724,1553,4401,1369,1076,1138,346,2842,2255
"제주특별자치도","여자","4. 서비스 종사자",17657,2451,3810,875,2169,689,745,758,295,2633,3232
"제주특별자치도","여자","5. 판매 종사자",11839,1500,2665,558,1858,598,543,475,130,1712,1800
"제주특별자치도","여자","6. 농림어업 숙련 종사자",2717,388,535,140,433,150,99,100,121,426,325
"제주특별자치도","여자","7. 기능원 및 관련 기능 종사자",2104,162,364,137,334,74,74,174,26,331,428
"제주특별자치도","여자","8. 장치, 기계조작 및 조립 종사자",1044,143,187,61,128,38,60,53,2,178,194
"제주특별자치도","여자","9. 단순 노무 종사자",3920,482,837,246,566,177,174,165,42,708,523
"제주특별자치도","여자","A. 기타",24,-,-,-,9,-,-,-,-,7,8
