기준년도,기준분기,시군명,대상자수,신청자수
2024,2,성남시,0,0
2024,2,부천시,8216,6108
2024,2,안산시,8301,6282
2024,2,화성시,8309,6465
2024,2,남양주시,7150,5403
2024,2,안양시,5808,4550
2024,2,평택시,5714,4066
2024,2,시흥시,5450,4136
2024,2,파주시,4800,3766
2024,2,의정부시,0,0
2024,2,김포시,3744,2961
2024,2,광주시,3585,2415
2024,2,군포시,2928,2401
2024,2,광명시,2910,2245
2024,2,하남시,2467,1573
2024,2,양주시,2576,1878
2024,2,오산시,2440,1766
2024,2,이천시,2068,1681
2024,2,구리시,1987,1489
2024,2,안성시,1757,1337
2024,2,의왕시,1730,1399
2024,2,포천시,1341,991
2024,2,여주시,913,679
2024,2,동두천시,858,633
2024,2,과천시,803,660
2024,2,양평군,746,589
2024,2,가평군,443,282
2024,2,연천군,359,223
2024,1,수원시,13773,11900
2024,1,용인시,10886,9097
2024,1,고양시,11313,8205
2024,1,성남시,0,0
2024,1,부천시,8201,6789
2024,1,안산시,8263,6908
2024,1,화성시,8250,7276
2024,1,남양주시,6999,6098
2024,1,안양시,5879,5068
2024,1,평택시,5489,4423
2024,1,시흥시,5318,4446
2024,1,파주시,4682,3876
2024,1,의정부시,0,0
2024,1,김포시,3773,3320
2024,1,광주시,3552,2800
2024,1,군포시,2868,2558
2024,1,광명시,2864,2472
2024,1,하남시,2521,1741
2024,1,양주시,2579,2087
2024,1,오산시,2316,1875
2024,1,이천시,2085,1829
2024,1,구리시,1994,1707
2024,1,안성시,1725,1455
2024,1,의왕시,1724,1519
2024,1,포천시,1348,1049
2024,1,여주시,920,779
2024,1,동두천시,880,709
2024,1,과천시,785,723
2024,1,양평군,739,639
2024,1,가평군,441,320
2024,1,연천군,354,262
2024,4,용인시,11626,10324
2024,4,고양시,11471,10050
2024,4,성남시,0,0
2024,4,부천시,8012,6808
2024,4,안산시,8243,7226
2024,4,화성시,8519,7158
2024,4,남양주시,7262,6314
2024,4,안양시,5993,5437
2024,4,평택시,5784,5101
2024,4,시흥시,5580,4987
2024,4,파주시,4817,4347
2024,4,의정부시,4957,3960
2024,4,김포시,3841,3345
2024,4,광주시,3665,3157
2024,4,군포시,3001,2812
2024,4,광명시,2980,2870
2024,4,하남시,2585,2197
2024,4,양주시,2595,2229
2024,4,오산시,2392,2090
2024,4,이천시,2110,1881
2024,4,구리시,2071,1896
2024,4,안성시,1795,1566
2024,4,의왕시,1675,1520
2024,4,포천시,1305,1132
2024,4,여주시,930,822
2024,4,동두천시,867,731
2024,4,과천시,836,793
2024,4,양평군,743,651
2024,4,가평군,426,355
2024,4,연천군,364,285
2024,3,수원시,14047,12378
2024,3,용인시,11373,9982
2024,3,고양시,11450,9704
2024,3,성남시,0,0
2024,3,부천시,8070,7003
2024,3,안산시,8264,7181
2024,3,화성시,8485,7299
2024,3,남양주시,7183,6177
2024,3,안양시,5913,5210
2024,3,평택시,5700,4912
2024,3,시흥시,5584,4850
2024,3,파주시,4788,4285
2024,3,의정부시,0,0
2024,3,김포시,3799,3314
2024,3,광주시,3606,2958
2024,3,군포시,2959,2751
2024,3,광명시,2935,2787
2024,3,하남시,2509,2043
2024,3,양주시,2618,2200
2024,3,오산시,2439,2138
2024,3,이천시,2073,1796
2024,3,구리시,2000,1780
2024,3,안성시,1798,1475
2024,3,의왕시,1710,1543
2024,3,포천시,1294,1080
2024,3,여주시,924,772
2024,3,동두천시,855,714
2024,3,과천시,818,750
2024,3,양평군,770,664
2024,3,가평군,420,337
2024,3,연천군,357,276
2024,2,수원시,13764,10742
2024,2,용인시,11105,8448
2024,2,고양시,11337,7497
2023,1,오산시,2310,2249
2023,1,하남시,2474,2299
2023,1,양주시,2285,2220
2023,1,구리시,2094,2052
2023,1,안성시,1784,1798
2023,1,포천시,1460,1349
2023,1,의왕시,1895,1761
2023,1,여주시,995,1014
2023,1,양평군,771,740
2023,1,동두천시,876,835
2023,1,과천시,759,771
2023,1,가평군,404,400
2023,1,연천군,311,257
2023,2,수원시,14065,12052
2023,2,고양시,11428,10391
2023,2,용인시,11257,10442
2023,2,성남시,9491,8505
2023,2,부천시,8525,8166
2023,2,안산시,8255,7881
2023,2,화성시,8078,7651
2023,2,남양주시,6957,6668
2023,2,안양시,6021,5924
2023,2,평택시,5484,5305
2023,2,의정부시,4996,4743
2023,2,파주시,4617,4278
2023,2,시흥시,5353,5039
2023,2,김포시,3760,3544
2023,2,광명시,2904,2914
2023,2,광주시,3642,3405
2023,2,군포시,3027,2996
2023,2,이천시,2152,2101
2023,2,오산시,2231,2106
2023,2,하남시,2497,2379
2023,2,양주시,2385,2225
2023,2,구리시,2064,1999
2023,2,안성시,1728,1671
2023,2,포천시,1374,1262
2023,2,의왕시,1758,1579
2023,2,여주시,980,916
2023,2,양평군,747,710
2023,2,동두천시,871,794
2023,2,과천시,764,768
2023,2,가평군,418,381
2023,2,연천군,337,277
2023,3,수원시,13884,11598
2023,3,고양시,11382,9152
2023,3,용인시,10996,9053
2023,3,성남시,9229,6542
2023,3,부천시,8417,7065
2023,3,안산시,8296,6953
2023,3,화성시,8167,6738
2023,3,남양주시,6952,5755
2023,3,안양시,5869,5122
2023,3,평택시,5501,4603
2023,3,의정부시,4954,4093
2023,3,파주시,4599,3791
2023,3,시흥시,5243,4307
2023,3,김포시,3736,3077
2023,3,광명시,2926,2593
2023,3,광주시,3620,2888
2023,3,군포시,2950,2627
2023,3,이천시,2101,1786
2023,3,오산시,2288,1876
2023,3,하남시,2465,1972
2023,3,양주시,2469,1969
2023,3,구리시,2046,1755
2023,3,안성시,1721,1446
2023,3,포천시,1356,1028
2023,3,의왕시,1734,1478
2023,3,여주시,972,805
2023,3,양평군,757,644
2023,3,동두천시,845,671
2023,3,과천시,794,709
2023,3,가평군,413,311
2023,3,연천군,338,241
2023,4,수원시,13798,11101
2023,4,고양시,11300,8648
2023,4,용인시,11026,9581
2023,4,성남시,9131,7847
2023,4,부천시,8354,7665
2023,4,안산시,8376,7550
2023,4,화성시,8170,7539
2023,4,남양주시,7030,6355
2023,4,안양시,5804,5453
2023,4,평택시,5407,4850
2023,4,의정부시,4997,4557
2023,4,파주시,4599,4054
2023,4,시흥시,5269,4772
2023,4,김포시,3708,3379
2023,4,광명시,2853,2731
2023,4,광주시,3588,3228
2023,4,군포시,2889,2773
2023,4,이천시,2123,2011
2023,4,오산시,2281,2014
2023,4,하남시,2471,1884
2023,4,양주시,2525,2283
2023,4,구리시,2001,1879
2023,4,안성시,1737,1623
2023,4,포천시,1371,1172
2023,4,의왕시,1785,1599
2023,4,여주시,976,906
2023,4,양평군,763,699
2023,4,동두천시,865,737
2023,4,과천시,764,735
2023,4,가평군,433,371
2023,4,연천군,345,282
2023,1,수원시,14246,13915
2023,1,고양시,11676,10777
2023,1,용인시,11251,10803
2023,1,성남시,9593,8781
2023,1,부천시,8692,8533
2023,1,안산시,8278,8031
2023,1,화성시,7938,7350
2023,1,남양주시,7085,6810
2023,1,안양시,6064,6059
2023,1,평택시,5568,5551
2023,1,의정부시,4947,4893
2023,1,파주시,4632,4534
2023,1,시흥시,5428,5263
2023,1,김포시,3739,3700
2023,1,광명시,3018,3030
2023,1,광주시,3675,3589
2023,1,군포시,3061,3028
2023,1,이천시,2171,2083
2022,1,부천시,9438,9547
2022,1,안산시,9128,8950
2022,1,화성시,8103,8058
2022,1,남양주시,7331,7191
2022,1,안양시,6516,6659
2022,1,평택시,5665,5639
2022,1,의정부시,5428,5556
2022,1,파주시,4652,4579
2022,1,시흥시,5707,5631
2022,1,김포시,3710,3825
2022,1,광명시,3201,3241
2022,1,광주시,3648,3681
2022,1,군포시,3082,3167
2022,1,이천시,2165,2134
2022,1,오산시,2406,2471
2022,1,하남시,2573,2611
2022,1,양주시,2297,2297
2022,1,구리시,2267,2295
2022,1,안성시,1757,1861
2022,1,포천시,1508,1459
2022,1,의왕시,1922,1884
2022,1,여주시,959,996
2022,1,양평군,785,818
2022,1,동두천시,970,880
2022,1,과천시,846,850
2022,1,가평군,495,494
2022,1,연천군,368,356
2022,2,수원시,14768,14700
2022,2,고양시,12072,11411
2022,2,용인시,11385,11247
2022,2,성남시,10066,9505
2022,2,부천시,9276,9191
2022,2,안산시,9021,8693
2022,2,화성시,8000,7912
2022,2,남양주시,7304,7045
2022,2,안양시,6398,6487
2022,2,평택시,5803,5659
2022,2,의정부시,5259,5282
2022,2,파주시,4637,4505
2022,2,시흥시,5730,5555
2022,2,김포시,3676,3706
2022,2,광명시,3201,3238
2022,2,광주시,3643,3584
2022,2,군포시,3068,3065
2022,2,이천시,2208,2156
2022,2,오산시,2449,2379
2022,2,하남시,2522,2481
2022,2,양주시,2281,2236
2022,2,구리시,2249,2208
2022,2,안성시,1792,1842
2022,2,포천시,1545,1449
2022,2,의왕시,1944,1902
2022,2,여주시,978,992
2022,2,양평군,786,812
2022,2,동두천시,968,896
2022,2,과천시,858,876
2022,2,가평군,472,461
2022,2,연천군,370,315
2022,3,수원시,14593,13951
2022,3,고양시,12009,11004
2022,3,용인시,11413,10784
2022,3,성남시,9993,9134
2022,3,부천시,9112,8726
2022,3,안산시,8790,8261
2022,3,화성시,7943,7634
2022,3,남양주시,7271,6829
2022,3,안양시,6324,6130
2022,3,평택시,5753,5456
2022,3,의정부시,5243,5022
2022,3,파주시,4672,4404
2022,3,시흥시,5656,5402
2022,3,김포시,3776,3646
2022,3,광명시,3152,3084
2022,3,광주시,3681,3446
2022,3,군포시,3055,2983
2022,3,이천시,2148,2013
2022,3,오산시,2398,2284
2022,3,하남시,2565,2377
2022,3,양주시,2276,2140
2022,3,구리시,2219,2105
2022,3,안성시,1803,1732
2022,3,포천시,1537,1384
2022,3,의왕시,1915,1823
2022,3,여주시,984,947
2022,3,양평군,767,736
2022,3,동두천시,980,889
2022,3,과천시,811,828
2022,3,가평군,472,451
2022,3,연천군,334,279
2022,4,수원시,14606,13808
2022,4,고양시,11821,10729
2022,4,용인시,11210,10539
2022,4,성남시,9985,9148
2022,4,부천시,8904,8630
2022,4,안산시,8577,8325
2022,4,화성시,7862,7764
2022,4,남양주시,7117,6557
2022,4,안양시,6260,6080
2022,4,평택시,5647,5324
2022,4,의정부시,5104,4863
2022,4,파주시,4666,4349
2022,4,시흥시,5602,5323
2022,4,김포시,3775,3650
2022,4,광명시,3127,3088
2022,4,광주시,3693,3493
2022,4,군포시,3079,3007
2022,4,이천시,2113,1978
2022,4,오산시,2359,2172
2022,4,하남시,2489,2354
2022,4,양주시,2259,2127
2022,4,구리시,2154,2071
2022,4,안성시,1800,1741
2022,4,포천시,1500,1363
2022,4,의왕시,1880,1784
2022,4,여주시,975,941
2022,4,양평군,762,730
2022,4,동두천시,936,851
2022,4,과천시,815,805
2022,4,가평군,431,402
2022,4,연천군,335,268
2022,1,수원시,14833,15240
2022,1,고양시,11994,11770
2022,1,용인시,11269,11305
2022,1,성남시,10201,9730
2021,1,수원시,15289,14532
2021,1,고양시,12664,12571
2021,1,용인시,11244,11172
2021,1,성남시,10504,10207
2021,1,부천시,9933,9999
2021,1,안산시,9520,9066
2021,1,화성시,7520,7275
2021,1,남양주시,7291,7037
2021,1,안양시,6761,6802
2021,1,평택시,5473,5384
2021,1,의정부시,5316,5138
2021,1,파주시,4441,4296
2021,1,시흥시,5696,5386
2021,1,김포시,3692,3708
2021,1,광명시,3176,3236
2021,1,광주시,3847,3676
2021,1,군포시,3250,3235
2021,1,이천시,2209,2134
2021,2,남양주시,7213,6806
2021,2,안양시,6807,6642
2021,2,평택시,5416,5242
2021,2,의정부시,5437,5217
2021,2,파주시,4428,4304
2021,2,시흥시,5586,5371
2021,2,김포시,3716,3619
2021,2,광명시,3165,3159
2021,2,광주시,3811,3638
2021,2,군포시,3166,3095
2021,2,이천시,2131,2006
2021,2,오산시,2406,2334
2021,2,하남시,2373,2381
2021,2,양주시,2236,2137
2021,2,구리시,2368,2319
2021,2,안성시,1801,1735
2021,2,포천시,1450,1371
2021,2,의왕시,1996,1916
2021,2,여주시,954,932
2021,2,양평시,841,782
2021,2,동두천시,901,833
2021,2,과천시,796,756
2021,2,가평군,496,491
2021,2,연천군,366,324
2021,3,수원시,14965,14900
2021,3,고양시,12427,12401
2021,3,용인시,11204,11167
2021,3,성남시,10406,9899
2021,3,부천시,9759,9838
2021,3,안산시,9357,9079
2021,3,화성시,7835,7731
2021,3,남양주,7258,6979
2021,3,안양시,6853,6918
2021,3,평택시,5541,5621
2021,3,의정부,5444,5368
2021,3,파주시,4494,4408
2021,3,시흥시,5673,5565
2021,3,김포시,3643,3720
2021,3,광명시,3135,3187
2021,3,광주시,3836,3722
2021,3,군포시,3225,3255
2021,3,이천시,2205,2125
2021,3,오산시,2438,2424
2021,3,하남시,2396,2461
2021,3,양주시,2239,2207
2021,3,구리시,2387,2344
2021,3,안성시,1824,1801
2021,3,포천시,1466,1422
2021,3,의왕시,2051,2004
2021,3,여주시,991,988
2021,3,양평군,838,821
2021,3,동두천,906,862
2021,3,과천시,822,819
2021,3,가평군,476,487
2021,3,연천군,387,343
2021,4,수원시,14869,14924
2021,4,고양시,12317,12261
2021,4,용인시,11350,11072
2021,4,성남시,10214,9770
2021,4,부천시,9576,9703
2021,4,안산시,9307,9117
2021,4,화성시,7949,7934
2021,4,남양주시,7335,6984
2021,4,안양시,6744,6869
2021,4,평택시,5663,5667
2021,4,의정부시,5454,5530
2021,4,파주시,4604,4419
2021,4,시흥시,5618,5614
2021,4,김포시,3696,3803
2021,4,광명시,3187,3256
2021,4,광주시,3773,3626
2021,4,군포시,3145,3162
2021,4,이천시,2188,2129
2021,4,오산시,2438,2402
2021,4,하남시,2441,2480
2021,4,양주시,2320,2252
2021,4,구리시,2323,2286
2021,4,안성시,1797,1775
2021,4,포천시,1457,1382
2021,4,의왕시,2034,1955
2021,4,여주시,992,993
2021,4,양평군,834,814
2021,4,동두천시,933,888
2021,4,과천시,806,799
2021,4,가평군,472,493
2021,4,연천군,370,349
2021,1,오산시,2376,2338
2021,1,하남시,2373,2378
2021,1,양주시,2253,2152
2021,1,구리시,2369,2345
2021,1,안성시,1791,1799
2021,1,포천시,1505,1464
2021,1,의왕시,2054,1996
2021,1,여주시,934,962
2021,1,양평시,864,809
2021,1,동두천시,924,890
2021,1,과천시,782,740
2021,1,가평군,477,491
2021,1,연천군,377,363
2021,2,수원시,14977,14227
2021,2,고양시,12435,12170
2021,2,용인시,11077,10739
2021,2,성남시,10354,9719
2021,2,부천시,9848,9541
2021,2,안산시,9383,8921
2021,2,화성시,7643,7361
2020,1,용인시,11180,10364
2020,1,성남시,11069,10309
2020,1,부천시,10429,9734
2020,1,안산시,9882,8710
2020,1,화성시,6791,6520
2020,1,남양주시,7343,6703
2020,1,안양시,7574,6984
2020,1,평택시,5655,5361
2020,1,의정부시,5547,5145
2020,1,파주시,4553,3981
2020,1,시흥시,5803,5471
2020,1,김포시,3571,3490
2020,1,광명시,3654,3439
2020,1,광주시,3727,3316
2020,1,군포시,3432,3175
2020,1,이천시,2203,2004
2020,1,오산시,2355,2225
2020,1,하남시,2267,2064
2020,1,양주시,2244,2052
2020,1,구리시,2457,2470
2020,1,안성시,1766,1576
2020,1,포천시,1509,1434
2020,1,의왕시,2169,1920
2020,1,여주시,1056,969
2020,1,양평시,890,842
2020,1,동두천시,1058,990
2020,1,과천시,710,656
2020,1,가평군,488,453
2020,1,연천군,408,346
2020,2,수원시,15707,13988
2020,2,고양시,13194,11109
2020,2,용인시,11180,10444
2020,2,성남시,10928,10076
2020,2,부천시,10175,9601
2020,2,안산시,9882,8694
2020,2,화성시,6791,6530
2020,2,남양주시,7381,6700
2020,2,안양시,7574,6648
2020,2,평택시,5682,5308
2020,2,의정부시,5547,4961
2020,2,파주시,4468,3854
2020,2,시흥시,5803,5269
2020,2,김포시,3571,3526
2020,2,광명시,3654,3331
2020,2,광주시,3727,3317
2020,2,군포시,3523,3248
2020,2,이천시,2203,2051
2020,2,오산시,2355,2180
2020,2,하남시,2267,2110
2020,2,양주시,2244,2054
2020,2,구리시,2398,2305
2020,2,안성시,1766,1624
2020,2,포천시,1537,1430
2020,2,의왕시,2169,1971
2020,2,여주시,1039,939
2020,2,양평시,890,795
2020,2,동두천시,1058,970
2020,2,과천시,710,593
2020,2,가평군,488,423
2020,2,연천군,408,345
2020,3,수원시,15750,14248
2020,3,고양시,13004,12072
2020,3,용인시,11180,10799
2020,3,성남시,10907,10052
2020,3,부천시,10210,9699
2020,3,안산시,9811,8978
2020,3,화성시,7302,6733
2020,3,남양주시,7449,6835
2020,3,안양시,7574,6732
2020,3,평택시,5623,5285
2020,3,의정부시,5547,5076
2020,3,파주시,4474,3870
2020,3,시흥시,5771,5432
2020,3,김포시,3715,3540
2020,3,광명시,3654,3398
2020,3,광주시,3727,3426
2020,3,군포시,3433,3240
2020,3,이천시,2188,2067
2020,3,오산시,2376,2242
2020,3,하남시,2285,2168
2020,3,양주시,2244,2106
2020,3,구리시,2376,2308
2020,3,안성시,1830,1645
2020,3,포천시,1538,1405
2020,3,의왕시,2169,1946
2020,3,여주시,1020,942
2020,3,양평시,890,826
2020,3,동두천시,1058,952
2020,3,과천시,710,660
2020,3,가평군,488,429
2020,3,연천군,387,342
2020,4,수원시,15548,14454
2020,4,고양시,12813,12410
2020,4,용인시,11322,10697
2020,4,성남시,10828,10269
2020,4,부천시,10185,10019
2020,4,안산시,9618,8743
2020,4,화성시,7353,6876
2020,4,남양주시,7377,7116
2020,4,안양시,7574,6781
2020,4,평택시,5490,5240
2020,4,의정부시,5448,5117
2020,4,파주시,4371,3925
2020,4,시흥시,5800,5460
2020,4,김포시,3674,3602
2020,4,광명시,3350,3305
2020,4,광주시,3862,3621
2020,4,군포시,3378,3250
2020,4,이천시,2199,2165
2020,4,오산시,2369,2274
2020,4,하남시,2360,2309
2020,4,양주시,2295,2122
2020,4,구리시,2341,2276
2020,4,안성시,1841,1672
2020,4,포천시,1518,1447
2020,4,의왕시,2067,1933
2020,4,여주시,998,956
2020,4,양평시,815,816
2020,4,동두천시,972,920
2020,4,과천시,736,681
2020,4,가평군,478,476
2020,4,연천군,386,363
2020,1,수원시,15874,13851
2020,1,고양시,13194,12315
2019,1,연천군,448,311
2019,3,안산시,9830,8108
2019,3,화성시,6948,5445
2019,3,남양주시,7177,5667
2019,3,안양시,7346,6282
2019,3,평택시,5352,4435
2019,3,의정부시,5400,4357
2019,3,파주시,4490,3579
2019,3,시흥시,5599,4924
2019,3,김포시,3484,2776
2019,3,광명시,3566,3183
2019,3,광주시,3724,3100
2019,3,군포시,3360,2902
2019,3,이천시,2189,1624
2019,3,오산시,2344,1849
2019,3,하남시,2041,1611
2019,3,양주시,2252,1923
2019,3,구리시,2423,2172
2019,3,안성시,1659,1404
2019,3,포천시,1520,1310
2019,3,의왕시,2050,1726
2019,3,여주시,1240,922
2019,3,양평시,893,706
2019,3,동두천시,1045,926
2019,2,수원시,15963,13362
2019,2,고양시,13114,11202
2019,2,용인시,10941,9346
2019,2,성남시,11482,9847
2019,2,부천시,10896,9041
2019,2,안산시,9960,8184
2019,2,화성시,6791,5581
2019,2,남양주시,7209,5734
2019,2,안양시,7574,6649
2019,2,평택시,5325,4390
2019,2,의정부시,5547,4463
2019,2,파주시,4616,3884
2019,2,시흥시,5618,5195
2019,2,김포시,3480,2856
2019,2,광명시,3654,3322
2019,2,광주시,3766,3163
2019,2,군포시,3403,2946
2019,2,이천시,2203,1594
2019,2,오산시,2355,1894
2019,2,하남시,2027,1639
2019,2,양주시,2276,1947
2019,2,구리시,2452,2134
2019,2,안성시,1766,1525
2019,2,포천시,1543,1275
2019,2,의왕시,2026,1744
2019,2,여주시,1051,888
2019,2,양평시,890,724
2019,2,동두천시,1058,962
2019,2,과천시,710,634
2019,2,가평군,488,423
2019,2,연천군,438,343
2019,3,수원시,15706,12737
2019,3,고양시,12971,10849
2019,3,용인시,10971,9288
2019,3,성남시,11133,9804
2019,3,부천시,10653,9094
2019,3,과천시,702,601
2019,3,가평군,492,430
2019,3,연천군,436,340
2019,4,수원시,15805,12438
2019,4,고양시,12987,10802
2019,4,용인시,10982,9064
2019,4,성남시,10856,9355
2019,4,부천시,10505,9154
2019,4,안산시,9848,7706
2019,4,화성시,7047,5589
2019,4,남양주시,7188,5767
2019,4,안양시,7295,6130
2019,4,평택시,5464,4608
2019,4,의정부시,5465,4505
2019,4,파주시,4499,3580
2019,4,시흥시,5668,4847
2019,4,김포시,3540,2956
2019,4,광명시,3575,3127
2019,4,광주시,3671,2926
2019,4,군포시,3395,2810
2019,4,이천시,2170,1686
2019,4,오산시,2408,1911
2019,4,하남시,2092,1696
2019,4,양주시,2216,1885
2019,4,구리시,2415,2169
2019,4,안성시,1705,1396
2019,4,포천시,1538,1298
2019,4,의왕시,2061,1681
2019,4,여주시,1065,870
2019,4,양평시,872,724
2019,4,동두천시,1047,891
2019,4,과천시,711,601
2019,4,가평군,494,432
2019,4,연천군,420,326
2019,1,수원시,15859,12895
2019,1,고양시,13172,10553
2019,1,용인시,10867,9253
2019,1,성남시,11519,10743
2019,1,부천시,10801,9043
2019,1,안산시,9873,8264
2019,1,화성시,6780,5470
2019,1,남양주시,7071,5675
2019,1,안양시,7543,6451
2019,1,평택시,5370,4323
2019,1,의정부시,5499,4518
2019,1,파주시,4585,3687
2019,1,시흥시,5565,4795
2019,1,김포시,3551,2806
2019,1,광명시,3667,3197
2019,1,광주시,3763,3188
2019,1,군포시,3458,3025
2019,1,이천시,2177,1467
2019,1,오산시,2300,1794
2019,1,하남시,1989,1500
2019,1,양주시,2214,1737
2019,1,구리시,2429,1965
2019,1,안성시,1765,1284
2019,1,포천시,1554,1299
2019,1,의왕시,2027,1671
2019,1,여주시,1019,850
2019,1,양평시,863,681
2019,1,동두천시,1042,924
2019,1,과천시,700,601
2019,1,가평군,458,365

